Player,Age,Team,Pos,MIN,FT% Rank,FT%,SFLD% Rank,SFLD%,FFLD% Rank,FFLD%,AND1% Rank,AND1%
Precious Achiuwa,22.1,TOR,Big,1693,11,60.0%,22,9.1%,17,1.0%,42,22.4%
Steven Adams,28.3,MEM,Big,1997,8,54.3%,87,18.8%,71,2.1%,63,27.7%
Bam Adebayo,24.3,MIA,Big,1822,60,75.2%,91,20.4%,87,3.1%,64,27.7%
Santi Aldama,20.8,MEM,Big,243,0,62.5%,21,9.0%,28,1.2%,51,25.0%
LaMarcus Aldridge,36.3,BKN,Big,1047,98,87.3%,36,11.4%,42,1.3%,92,39.3%
Nickeil Alexander-Walker,23.2,UTA,Wing,112,0,90.0%,89,13.2%,86,1.6%,88,40.0%
Nickeil Alexander-Walker,23.2,NOP,Combo,1298,15,72.2%,43,6.4%,31,1.1%,14,11.9%
Grayson Allen,26.1,MIL,Wing,1786,81,86.5%,28,5.1%,25,0.7%,38,20.0%
Jarrett Allen,23.5,CLE,Big,1802,40,70.8%,85,18.0%,80,2.6%,66,28.6%
Jose Alvarado,23.6,NOP,Point,731,8,68.2%,40,6.9%,12,0.7%,34,21.1%
Justin Anderson,28.0,IND,Forward,260,0,80.0%,64,10.1%,9,0.3%,96,55.6%
Kyle Anderson,28.1,MEM,Forward,1458,10,63.1%,54,9.2%,40,0.8%,69,28.9%
Giannis Antetokounmpo,26.9,MIL,Big,2189,45,72.0%,98,24.2%,99,4.2%,46,23.6%
Thanasis Antetokounmpo,29.3,MIL,Big,359,14,60.7%,30,10.1%,16,1.0%,0,0.0%
Carmelo Anthony,37.4,LAL,Big,1784,89,83.0%,15,7.9%,44,1.4%,38,21.7%
Cole Anthony,21.5,ORL,Point,2044,69,85.2%,70,9.5%,74,2.3%,46,22.8%
OG Anunoby,24.3,TOR,Wing,1722,27,74.6%,41,6.2%,81,1.5%,38,20.0%
Trevor Ariza,36.3,LAL,Forward,453,0,55.6%,28,6.0%,47,0.9%,89,50.0%
D.J. Augustin,34.0,LAL,Combo,357,0,100.0%,8,2.4%,2,0.4%,92,50.0%
D.J. Augustin,34.0,HOU,Point,507,72,86.8%,34,6.3%,44,1.5%,42,22.2%
Deni Avdija,20.8,WAS,Forward,1910,39,74.8%,47,8.6%,66,1.3%,23,19.6%
Deandre Ayton,23.3,PHX,Big,1708,58,74.6%,24,9.5%,33,1.2%,49,23.9%
Udoka Azubuike,22.1,UTA,Big,155,0,40.0%,38,11.4%,12,0.9%,99,75.0%
Marvin Bagley,22.6,DET,Big,488,10,59.3%,58,14.1%,64,1.9%,82,32.3%
Marvin Bagley,22.6,SAC,Big,650,59,75.0%,20,8.9%,34,1.2%,87,34.8%
LaMelo Ball,20.2,CHA,Point,2403,81,87.2%,44,7.0%,76,2.3%,64,25.3%
Lonzo Ball,24.0,CHI,Point,1204,22,75.0%,14,3.4%,20,0.8%,94,38.5%
Mohamed Bamba,23.5,ORL,Big,1795,70,77.5%,7,5.3%,14,0.9%,25,17.6%
Desmond Bane,23.4,MEM,Wing,2262,96,90.3%,22,4.7%,62,1.1%,79,30.2%
Dalano Banton,22.0,TOR,Combo,626,1,55.0%,78,10.1%,43,1.2%,44,21.1%
Harrison Barnes,29.4,SAC,Forward,2581,61,82.7%,97,19.2%,88,1.8%,55,26.9%
Scottie Barnes,20.3,TOR,Forward,2603,35,73.8%,72,10.7%,84,1.6%,65,28.0%
RJ Barrett,21.4,NYK,Wing,2407,18,71.4%,94,14.7%,72,1.3%,42,20.3%
Will Barton,30.8,DEN,Wing,2272,43,79.8%,42,6.2%,66,1.2%,31,19.0%
Charles Bassey,21.0,PHI,Big,124,0,70.0%,84,17.6%,47,1.5%,21,16.7%
Keita Bates-Diop,25.8,SAS,Big,911,65,75.9%,41,11.8%,8,0.7%,69,29.0%
Nicolas Batum,32.9,LAC,Forward,1457,13,66.7%,16,4.3%,14,0.5%,44,23.5%
Kent Bazemore,32.3,LAL,Wing,487,0,75.0%,39,5.8%,43,0.9%,11,14.3%
Darius Bazley,21.4,OKC,Forward,1931,19,68.5%,87,13.0%,29,0.7%,32,20.4%
Bradley Beal,28.3,WAS,Combo,1438,51,82.8%,79,10.1%,75,1.8%,32,18.8%
Malik Beasley,24.9,MIN,Wing,1959,71,84.5%,7,1.8%,3,0.4%,38,20.0%
DeAndre' Bembry,27.3,BKN,Wing,894,3,60.0%,53,7.8%,19,0.6%,24,17.6%
Davis Bertans,29.0,WAS,Forward,489,100,93.3%,11,3.6%,81,1.5%,14,16.7%
Davis Bertans,29.0,DAL,Forward,285,0,80.0%,6,3.1%,62,1.1%,79,33.3%
Patrick Beverley,33.3,MIN,Combo,1473,13,71.8%,71,9.4%,79,1.9%,40,20.5%
Saddiq Bey,22.6,DET,Forward,2684,63,83.1%,59,9.6%,53,1.0%,43,22.6%
Khem Birch,29.1,TOR,Big,988,58,74.6%,67,15.1%,26,1.1%,58,26.5%
Goga Bitadze,22.3,IND,Big,678,28,67.8%,81,17.0%,66,2.1%,84,33.3%
Bismack Biyombo,29.2,PHX,Big,440,9,55.6%,88,19.7%,84,2.9%,81,32.1%
Nemanja Bjelica,33.5,GSW,Big,1093,50,72.8%,25,9.6%,50,1.5%,35,20.6%
Eric Bledsoe,31.9,LAC,Point,1358,25,75.7%,82,12.2%,66,2.0%,92,37.7%
Keljin Blevins,25.9,POR,Combo,258,0,60.0%,3,1.2%,0,0.2%,0,0.0%
Bogdan Bogdanovic,29.2,ATL,Wing,1835,66,84.1%,28,5.1%,80,1.4%,20,16.7%
Bojan Bogdanovic,32.5,UTA,Forward,2121,79,85.3%,53,9.2%,77,1.5%,33,20.7%
Leandro Bolmaro,21.1,MIN,Wing,165,0,80.0%,47,6.7%,96,2.6%,0,0.0%
Devin Booker,25.0,PHX,Wing,2343,84,86.8%,62,9.0%,99,3.2%,78,28.7%
Brandon Boston Jr.,19.9,LAC,Forward,669,76,84.6%,37,7.3%,82,1.6%,46,23.8%
Chris Boucher,28.8,TOR,Big,1666,72,77.8%,58,14.1%,51,1.5%,46,23.6%
James Bouknight,21.1,CHA,Combo,234,0,88.0%,80,10.2%,23,0.9%,27,18.2%
Avery Bradley,30.9,LAL,Wing,1384,0,88.9%,6,1.7%,7,0.5%,20,16.7%
Tony Bradley,23.8,CHI,Big,492,0,57.1%,31,10.2%,22,1.1%,51,25.0%
Ignas Brazdeikis,22.8,ORL,Forward,439,5,61.5%,39,7.5%,61,1.1%,14,16.7%
Mikal Bridges,25.2,PHX,Wing,2846,59,83.4%,65,9.4%,33,0.8%,83,34.1%
Miles Bridges,23.6,CHA,Forward,2824,56,80.4%,81,12.1%,76,1.5%,45,23.8%
Oshae Brissett,23.4,IND,Big,1508,38,70.5%,62,14.4%,8,0.7%,35,20.5%
Malcolm Brogdon,28.9,IND,Combo,1205,75,85.6%,74,9.7%,96,2.4%,26,17.5%
Armoni Brooks,23.4,HOU,Combo,619,0,82.4%,12,3.1%,4,0.4%,63,28.6%
Armoni Brooks,23.4,TOR,Combo,139,0,100.0%,10,2.8%,25,0.9%,0,0.0%
Dillon Brooks,25.8,MEM,Wing,881,77,84.9%,61,9.0%,91,1.9%,73,28.0%
Bruce Brown,25.2,BKN,Forward,1707,45,76.2%,83,12.4%,44,0.8%,77,31.3%
Charles Brown,24.7,PHI,Wing,135,0,83.3%,80,11.1%,49,0.9%,96,66.7%
Greg Brown,20.2,POR,Big,504,48,72.5%,69,15.2%,27,1.1%,11,12.0%
Jaylen Brown,25.0,BOS,Wing,2220,28,75.6%,83,11.4%,95,2.4%,60,24.5%
Moses Brown,22.1,CLE,Big,163,0,52.0%,85,18.2%,21,1.0%,8,8.3%
Moses Brown,22.1,DAL,Big,134,20,63.3%,98,25.5%,92,3.4%,43,23.1%
Sterling Brown,26.7,DAL,Forward,569,0,91.7%,12,3.6%,12,0.4%,26,20.0%
Troy Brown,22.3,CHI,Forward,955,0,76.2%,19,4.8%,11,0.4%,84,36.4%
Jalen Brunson,25.2,DAL,Combo,2519,59,84.0%,57,7.9%,97,2.5%,72,31.3%
Thomas Bryant,24.3,WAS,Big,416,99,87.5%,48,12.8%,67,2.1%,37,21.1%
Reggie Bullock,30.6,DAL,Forward,1893,65,83.3%,5,2.2%,2,0.2%,84,36.4%
Trey Burke,29.0,DAL,Combo,351,0,82.4%,14,3.4%,92,2.3%,0,0.0%
Alec Burks,30.3,NYK,Combo,2309,50,82.1%,96,13.7%,85,2.1%,47,21.6%
Jared Butler,21.2,UTA,Combo,266,0,77.8%,16,3.7%,6,0.5%,55,25.0%
Jimmy Butler,32.1,MIA,Forward,1926,87,87.1%,99,20.4%,95,2.5%,20,18.9%
Kentavious Caldwell-Pope,28.7,WAS,Wing,2326,95,89.0%,50,7.1%,68,1.2%,59,24.2%
Facundo Campazzo,30.6,DEN,Point,1098,33,76.6%,46,7.1%,82,2.5%,12,15.0%
Vlatko Cancar,24.6,DEN,Big,163,0,60.0%,34,11.1%,41,1.3%,0,0.0%
Devin Cannady,25.4,ORL,Combo,139,0,71.4%,7,2.4%,9,0.6%,0,0.0%
Clint Capela,27.5,ATL,Big,2041,2,47.3%,49,12.9%,12,0.8%,40,22.1%
Jevon Carter,26.1,MIL,Combo,325,0,100.0%,0,0.0%,8,0.5%,98,
Jevon Carter,26.1,BKN,Combo,472,0,62.5%,4,1.4%,18,0.8%,0,0.0%
Wendell Carter,22.5,ORL,Big,1848,34,69.1%,48,12.7%,68,2.1%,51,25.0%
Alex Caruso,27.7,CHI,Combo,1136,34,79.5%,88,11.0%,47,1.3%,52,23.3%
Willie Cauley-Stein,28.2,DAL,Big,170,0,50.0%,1,2.8%,9,0.8%,0,0.0%
Justin Champagnie,20.3,TOR,Wing,227,0,100.0%,55,8.0%,46,0.9%,61,25.0%
Chris Chiozza,25.9,GSW,Combo,307,0,66.7%,5,1.4%,21,0.9%,96,100.0%
Marquese Chriss,24.3,DAL,Big,278,0,76.2%,12,7.1%,70,2.1%,12,12.5%
Josh Christopher,19.9,HOU,Combo,1195,16,73.1%,69,9.2%,50,1.3%,48,22.0%
Gary Clark,27.0,NOP,Big,314,0,70.0%,6,5.1%,1,0.3%,0,0.0%
Brandon Clarke,25.1,MEM,Big,1188,19,62.9%,44,12.2%,46,1.5%,90,36.4%
Jordan Clarkson,29.4,UTA,Combo,2109,54,82.8%,41,6.3%,67,1.6%,81,34.7%
Nicolas Claxton,22.5,BKN,Big,940,11,59.6%,77,16.5%,58,1.7%,81,31.9%
Amir Coffey,24.4,LAC,Wing,1472,86,87.3%,74,10.3%,38,0.8%,49,22.4%
John Collins,24.1,ATL,Big,1662,80,79.3%,27,9.8%,84,2.8%,51,25.0%
Zach Collins,24.0,SAS,Big,482,77,78.7%,51,13.3%,79,2.4%,27,18.2%
Mike Conley,34.1,UTA,Point,2056,42,79.6%,36,6.4%,64,1.9%,44,22.6%
Pat Connaughton,28.8,MIL,Wing,1655,58,83.3%,19,4.1%,20,0.6%,61,25.0%
Tyler Cook,24.1,CHI,Big,188,20,63.3%,100,27.1%,68,2.1%,6,7.7%
DeMarcus Cousins,31.2,MIL,Big,286,85,81.6%,78,16.7%,96,3.9%,98,57.1%
DeMarcus Cousins,31.2,DEN,Big,424,52,73.3%,76,16.5%,97,3.9%,19,15.8%
Robert Covington,30.9,LAC,Forward,478,74,84.4%,38,7.4%,73,1.4%,4,8.3%
Robert Covington,30.9,POR,Forward,1425,65,83.3%,7,3.2%,37,0.7%,5,9.1%
Torrey Craig,30.9,IND,Forward,1013,48,77.1%,26,5.7%,19,0.5%,74,31.3%
Torrey Craig,30.9,PHX,Forward,521,0,61.5%,18,4.8%,6,0.3%,88,42.9%
Jae Crowder,31.3,PHX,Forward,1884,53,78.9%,31,6.3%,48,0.9%,62,27.8%
Jarrett Culver,22.7,MEM,Combo,201,0,33.3%,46,6.6%,61,1.4%,0,0.0%
Cade Cunningham,20.1,DET,Wing,2082,70,84.3%,37,5.6%,89,1.9%,53,23.3%
Seth Curry,31.2,BKN,Wing,568,0,85.7%,9,1.9%,83,1.5%,92,50.0%
Seth Curry,31.2,PHI,Combo,1564,88,87.5%,17,3.7%,51,1.3%,90,45.0%
Stephen Curry,33.6,GSW,Point,2203,97,92.2%,54,8.0%,70,2.1%,54,24.0%
Anthony Davis,28.6,LAL,Big,1402,41,71.1%,44,12.1%,89,3.2%,65,28.3%
Ed Davis,32.4,CLE,Big,158,0,42.9%,95,22.2%,65,2.0%,0,0.0%
Terence Davis,24.5,SAC,Wing,517,73,84.6%,44,6.3%,45,0.9%,91,41.2%
DeMar DeRozan,32.2,CHI,Forward,2737,90,87.7%,94,16.5%,93,2.1%,52,25.8%
Dewayne Dedmon,32.2,MIA,Big,1057,54,74.0%,46,12.5%,52,1.5%,26,17.9%
Donte DiVincenzo,24.8,MIL,Combo,327,0,84.0%,25,4.5%,75,1.7%,36,20.0%
Donte DiVincenzo,24.8,SAC,Combo,660,57,83.9%,36,6.1%,78,1.9%,11,7.1%
Mamadi Diakite,24.8,OKC,Big,181,0,54.5%,28,10.0%,48,1.5%,29,20.0%
Hamidou Diallo,23.3,DET,Wing,1248,5,65.0%,90,13.5%,72,1.3%,74,28.6%
Gorgui Dieng,31.8,ATL,Big,302,0,78.9%,32,10.2%,42,1.3%,9,11.1%
Spencer Dinwiddie,28.6,WAS,Point,1330,44,81.0%,80,11.7%,68,2.0%,20,19.0%
Spencer Dinwiddie,28.6,DAL,Wing,649,20,72.5%,100,19.7%,36,0.8%,61,25.0%
Luka Doncic,22.7,DAL,Point,2299,17,74.4%,88,13.8%,96,3.6%,68,25.5%
Luguentz Dort,22.5,OKC,Wing,1664,68,84.1%,72,10.1%,84,1.5%,27,17.7%
Ayo Dosunmu,21.8,CHI,Combo,2020,9,66.7%,40,6.3%,10,0.6%,75,33.3%
PJ Dozier,25.0,DEN,Forward,332,0,76.9%,35,6.9%,51,0.9%,10,14.3%
Goran Dragic,35.5,BKN,Combo,396,0,71.4%,34,6.0%,62,1.4%,18,14.3%
Andre Drummond,28.2,BKN,Big,534,6,53.1%,83,17.4%,73,2.2%,91,36.8%
Andre Drummond,28.2,PHI,Big,894,5,50.0%,50,13.1%,74,2.3%,71,29.4%
Chris Duarte,24.4,IND,Wing,1527,54,81.3%,54,7.9%,83,1.5%,36,19.6%
David Duke,22.1,BKN,Wing,295,0,81.3%,50,7.3%,77,1.4%,11,14.3%
Kris Dunn,27.6,POR,Forward,335,0,94.4%,55,9.3%,69,1.3%,86,40.0%
Kevin Durant,33.1,BKN,Forward,2047,98,91.0%,80,11.4%,100,3.9%,31,20.1%
Anthony Edwards,20.2,MIN,Wing,2459,37,78.6%,68,9.5%,70,1.2%,66,25.2%
Kessler Edwards,21.2,BKN,Forward,920,0,82.4%,13,4.0%,15,0.5%,89,50.0%
CJ Elleby,21.4,POR,Wing,1065,8,68.4%,87,12.5%,53,1.0%,46,21.1%
Wayne Ellington,33.9,LAL,Wing,745,0,81.8%,2,0.5%,15,0.5%,0,0.0%
Joel Embiid,27.6,PHI,Big,2295,84,81.4%,96,22.9%,98,4.2%,42,22.9%
Drew Eubanks,24.7,POR,Big,632,83,80.0%,33,10.5%,59,1.7%,12,12.5%
Drew Eubanks,24.7,SAS,Big,557,81,79.3%,72,15.7%,95,3.6%,58,25.9%
Derrick Favors,30.3,OKC,Big,652,0,64.0%,11,6.7%,6,0.7%,6,7.7%
Dorian Finney-Smith,28.5,DAL,Forward,2638,13,66.7%,21,4.9%,21,0.6%,26,20.0%
Malachi Flynn,23.5,TOR,Combo,480,0,65.2%,30,5.4%,73,1.7%,75,33.3%
Bryn Forbes,28.3,SAS,Wing,649,94,88.9%,39,5.7%,61,1.1%,24,17.6%
Bryn Forbes,28.3,DEN,Combo,590,97,92.1%,53,7.3%,1,0.4%,62,27.8%
Trent Forrest,23.4,UTA,Wing,695,33,77.3%,92,13.8%,69,1.2%,72,27.3%
Evan Fournier,29.0,NYK,Wing,2357,14,70.8%,26,4.9%,28,0.7%,74,28.6%
De'Aaron Fox,23.9,SAC,Point,2074,19,74.6%,90,14.3%,48,1.6%,76,28.3%
Tim Frazier,31.0,ORL,Point,199,0,55.6%,62,8.7%,22,0.9%,56,25.0%
Melvin Frazier Jr.,25.2,OKC,Combo,119,0,71.4%,56,7.8%,33,1.1%,55,25.0%
Markelle Fultz,23.4,ORL,Combo,356,43,80.6%,60,8.4%,86,2.1%,91,46.7%
Wenyen Gabriel,24.6,LAL,Forward,291,3,60.6%,93,16.0%,64,1.2%,74,31.3%
Daniel Gafford,23.1,WAS,Big,1427,35,69.3%,78,16.8%,75,2.3%,93,39.5%
Danilo Gallinari,33.2,ATL,Forward,1657,97,90.3%,61,9.8%,96,2.5%,6,9.5%
Darius Garland,21.8,CLE,Point,2424,92,89.1%,32,6.3%,80,2.4%,70,26.0%
Marcus Garrett,23.0,MIA,Combo,121,0,66.7%,77,10.0%,5,0.4%,92,50.0%
Usman Garuba,19.6,HOU,Big,165,0,71.4%,65,14.8%,1,0.3%,51,25.0%
Luka Garza,22.8,DET,Big,332,11,60.0%,64,14.5%,81,2.7%,74,30.0%
Rudy Gay,35.2,UTA,Big,1021,74,77.9%,23,9.3%,10,0.8%,28,18.9%
Paul George,31.5,LAC,Forward,1073,82,85.8%,49,8.8%,99,3.5%,26,20.0%
Taj Gibson,36.4,NYK,Big,939,86,82.0%,45,12.2%,19,1.0%,27,18.2%
Josh Giddey,19.1,OKC,Wing,1693,15,70.9%,30,5.2%,75,1.4%,34,19.4%
Shai Gilgeous-Alexander,23.3,OKC,Point,1941,47,81.0%,90,14.3%,90,3.0%,30,20.8%
Anthony Gill,29.0,WAS,Big,405,68,77.3%,90,20.2%,26,1.1%,24,17.4%
Freddie Gillespie,24.4,ORL,Big,118,0,42.9%,47,12.5%,96,3.8%,84,33.3%
Rudy Gobert,29.3,UTA,Big,2116,32,68.9%,99,26.4%,99,4.3%,17,15.2%
Brandon Goodwin,26.1,CLE,Point,472,0,59.4%,68,9.4%,36,1.2%,88,35.7%
Aaron Gordon,26.1,DEN,Forward,2373,37,74.6%,82,12.2%,83,1.6%,71,30.0%
Eric Gordon,32.9,HOU,Wing,1669,34,77.4%,67,9.5%,60,1.0%,43,20.7%
Devonte' Graham,26.7,NOP,Point,2147,56,84.1%,26,5.4%,42,1.4%,78,28.9%
Jerami Grant,27.6,DET,Big,1496,91,83.7%,56,13.9%,64,1.9%,21,16.5%
Hassani Gravett,25.3,ORL,Combo,170,0,75.0%,29,5.1%,59,1.4%,0,0.0%
Danny Green,34.4,PHI,Wing,1346,0,78.6%,3,0.9%,8,0.5%,96,66.7%
Draymond Green,31.7,GSW,Big,1328,26,65.9%,59,14.3%,35,1.2%,23,17.1%
JaMychal Green,31.4,DEN,Big,1048,97,86.8%,38,11.5%,29,1.2%,5,5.0%
Jalen Green,19.7,HOU,Combo,2116,40,79.9%,81,10.3%,58,1.4%,51,23.1%
Javonte Green,28.3,CHI,Forward,1506,65,83.3%,88,13.1%,33,0.7%,17,17.0%
Jeff Green,35.2,DEN,Big,1834,89,82.8%,82,17.3%,18,1.0%,70,29.1%
Josh Green,21.0,DAL,Wing,928,16,71.1%,46,6.5%,28,0.7%,70,26.7%
Blake Griffin,32.6,BKN,Big,936,50,73.0%,31,10.2%,76,2.4%,78,30.3%
Quentin Grimes,21.5,NYK,Wing,750,0,80.0%,8,1.8%,37,0.8%,98,75.0%
Kyle Guy,24.2,MIA,Combo,148,0,80.0%,18,3.8%,64,1.5%,92,50.0%
Rui Hachimura,23.7,WAS,Forward,917,24,69.2%,44,8.1%,68,1.3%,39,21.9%
Tyrese Haliburton,21.7,IND,Combo,937,66,84.9%,87,10.9%,39,1.2%,16,13.2%
Tyrese Haliburton,21.7,SAC,Combo,1750,76,85.7%,48,6.9%,49,1.3%,75,33.3%
R.J. Hampton,20.7,ORL,Combo,1325,6,63.4%,75,9.8%,40,1.2%,36,20.0%
Tim Hardaway Jr.,29.6,DAL,Wing,1234,32,76.8%,52,7.6%,64,1.1%,48,21.4%
James Harden,32.2,PHI,Point,787,89,89.0%,100,22.8%,72,2.1%,18,17.7%
James Harden,32.2,BKN,Point,1626,75,86.9%,96,18.8%,86,2.6%,66,25.3%
Maurice Harkless,28.5,SAC,Forward,863,0,72.0%,31,6.3%,24,0.6%,48,25.0%
Montrezl Harrell,27.8,WAS,Big,1089,49,72.7%,94,22.1%,74,2.3%,77,30.2%
Montrezl Harrell,27.8,CHA,Big,506,29,68.6%,97,23.8%,56,1.6%,87,34.8%
Gary Harris,27.1,ORL,Wing,1729,87,87.4%,48,6.7%,11,0.5%,52,23.1%
Joe Harris,30.2,BKN,Wing,422,0,83.3%,5,1.6%,42,0.8%,92,50.0%
Tobias Harris,29.3,PHI,Forward,2541,73,84.2%,52,9.2%,59,1.1%,71,30.0%
Josh Hart,26.7,NOP,Wing,1368,29,76.2%,97,16.0%,82,1.5%,22,16.9%
Josh Hart,26.7,POR,Combo,415,26,78.2%,99,15.5%,38,1.1%,86,41.9%
Isaiah Hartenstein,23.5,LAC,Big,1118,32,69.0%,59,14.3%,78,2.4%,76,30.2%
Jaxson Hayes,21.4,NOP,Big,1347,65,76.0%,93,21.7%,36,1.3%,72,29.5%
Killian Hayes,20.3,DET,Point,1619,36,77.0%,30,6.1%,30,1.1%,8,13.8%
Gordon Hayward,31.6,CHA,Wing,1561,72,84.6%,71,10.0%,88,1.8%,67,25.4%
Juan Hernangomez,26.1,UTA,Big,270,0,47.1%,42,12.0%,2,0.3%,41,22.2%
Willy Hernangomez,27.4,NOP,Big,772,74,78.0%,79,16.8%,60,1.8%,45,23.2%
Tyler Herro,21.8,MIA,Combo,2109,82,86.5%,49,6.9%,69,1.6%,36,20.0%
Buddy Hield,28.9,SAC,Wing,1557,85,87.0%,14,3.4%,54,1.0%,44,20.8%
Buddy Hield,28.9,IND,Wing,924,92,88.6%,6,1.7%,39,0.8%,94,57.1%
Haywood Highsmith,24.9,MIA,Big,133,0,0.0%,5,4.9%,2,0.3%,96,50.0%
George Hill,35.5,MIL,Combo,1235,96,91.4%,24,4.3%,53,1.3%,22,16.7%
Malcolm Hill,26.0,CHI,Forward,157,0,66.7%,36,7.0%,41,0.8%,0,0.0%
Solomon Hill,30.6,ATL,Forward,124,0,,0,0.0%,35,0.7%,99,
Jaylen Hoard,22.6,OKC,Wing,233,0,42.9%,57,8.3%,4,0.4%,61,25.0%
Aaron Holiday,25.1,WAS,Combo,619,31,78.8%,45,6.5%,63,1.5%,46,21.4%
Aaron Holiday,25.1,PHX,Point,310,0,96.0%,76,9.6%,46,1.5%,90,36.4%
Jrue Holiday,31.4,MIL,Point,2201,28,76.1%,50,7.4%,40,1.3%,10,14.7%
Justin Holiday,32.6,SAC,Wing,637,0,73.7%,17,3.8%,52,1.0%,6,12.5%
Justin Holiday,32.6,IND,Wing,1413,57,82.9%,12,3.0%,24,0.6%,11,14.3%
Richaun Holmes,28.0,SAC,Big,1071,72,77.8%,54,13.4%,49,1.5%,92,38.6%
Rodney Hood,29.0,MIL,Forward,527,0,91.7%,10,3.4%,27,0.7%,48,25.0%
Al Horford,35.4,BOS,Big,2003,92,84.2%,14,7.4%,13,0.9%,73,29.5%
Talen Horton-Tucker,20.9,LAL,Wing,1470,39,79.2%,72,10.2%,47,0.9%,33,19.3%
Danuel House,28.4,UTA,Wing,482,11,70.3%,85,11.9%,55,1.0%,6,12.5%
Danuel House,28.4,HOU,Forward,220,0,88.2%,24,5.6%,80,1.5%,48,25.0%
Dwight Howard,35.9,LAL,Big,950,25,65.8%,99,25.8%,71,2.1%,19,15.7%
Markus Howard,22.7,DEN,Combo,110,0,87.5%,27,4.7%,99,2.7%,0,0.0%
Kevin Huerter,23.2,ATL,Wing,2177,44,80.0%,11,2.5%,23,0.6%,69,26.3%
Elijah Hughes,23.6,POR,Forward,271,0,75.0%,9,3.3%,39,0.8%,98,66.7%
DeAndre Hunter,23.9,ATL,Forward,1575,47,76.5%,76,11.0%,89,1.9%,37,21.7%
Nah'Shon Hyland,21.1,DEN,Combo,1252,63,84.7%,51,7.0%,66,1.6%,25,17.5%
Serge Ibaka,32.1,LAC,Big,534,38,70.4%,10,6.5%,15,0.9%,43,23.1%
Serge Ibaka,32.1,MIL,Big,330,0,80.0%,11,6.7%,3,0.5%,98,57.1%
Andre Iguodala,37.8,GSW,Forward,598,0,75.0%,20,4.9%,85,1.6%,0,0.0%
Joe Ingles,34.1,UTA,Forward,1117,0,77.3%,4,2.1%,34,0.7%,14,16.7%
Brandon Ingram,24.2,NOP,Forward,1865,60,82.6%,86,12.9%,98,2.8%,53,25.9%
Kyrie Irving,29.6,BKN,Combo,1083,94,91.3%,59,8.2%,84,2.1%,83,36.5%
Frank Jackson,23.5,DET,Combo,1147,51,82.8%,66,8.9%,28,1.0%,49,22.2%
Isaiah Jackson,19.8,IND,Big,495,29,68.0%,75,16.3%,72,2.2%,41,22.2%
Jaren Jackson,22.1,MEM,Big,2112,88,82.2%,55,13.9%,72,2.2%,36,20.6%
Josh Jackson,24.7,DET,Forward,676,26,70.6%,67,10.3%,54,1.0%,56,26.9%
Josh Jackson,24.7,SAC,Forward,109,0,71.4%,100,20.8%,91,2.1%,59,27.3%
Reggie Jackson,31.5,LAC,Combo,2331,62,84.5%,26,4.5%,80,2.0%,35,19.3%
LeBron James,36.8,LAL,Big,2078,63,75.6%,39,11.8%,82,2.8%,89,35.5%
Ty Jerome,24.3,OKC,Combo,759,37,79.5%,39,6.3%,74,1.7%,36,20.0%
Isaiah Joe,22.3,PHI,Combo,518,0,94.4%,47,6.7%,12,0.7%,95,55.6%
Cameron Johnson,25.7,PHX,Forward,1670,81,85.6%,45,8.3%,45,0.9%,82,35.3%
James Johnson,34.7,BKN,Big,1139,5,52.9%,19,8.8%,4,0.6%,66,28.6%
Keldon Johnson,21.9,SAS,Forward,2390,44,75.6%,70,10.6%,57,1.0%,61,27.6%
Keon Johnson,19.6,LAC,Wing,111,0,81.3%,98,16.3%,97,2.7%,11,14.3%
Keon Johnson,19.6,POR,Combo,491,0,73.7%,25,4.5%,22,0.9%,75,33.3%
Stanley Johnson,25.4,LAL,Forward,1055,23,69.1%,84,12.4%,46,0.9%,47,24.2%
Nikola Jokic,26.7,DEN,Big,2473,83,80.9%,51,13.2%,100,5.0%,91,38.3%
Damian Jones,26.3,SAC,Big,977,41,71.2%,92,21.5%,62,1.9%,83,32.8%
Herbert Jones,23.1,NOP,Forward,2321,69,84.0%,79,11.3%,43,0.8%,34,21.1%
Tre Jones,21.8,SAS,Combo,1064,25,77.4%,89,11.1%,65,1.5%,68,29.7%
Tyus Jones,25.5,MEM,Combo,1524,43,80.6%,13,3.1%,56,1.3%,67,29.4%
Derrick Jones Jr.,24.7,CHI,Big,861,80,79.1%,71,15.5%,32,1.2%,61,27.3%
DeAndre Jordan,33.3,LAL,Big,393,2,46.2%,59,14.3%,37,1.3%,14,14.3%
DeAndre Jordan,33.3,PHI,Big,196,0,71.4%,34,10.7%,52,1.5%,0,0.0%
Cory Joseph,30.2,DET,Combo,1590,93,89.1%,73,9.6%,54,1.3%,75,32.5%
Georgios Kalaitzakis,22.8,OKC,Big,165,0,47.6%,82,17.2%,22,1.1%,61,27.3%
Frank Kaminsky,28.6,PHX,Big,167,0,90.0%,68,15.2%,63,1.9%,94,40.0%
Enes Kanter,29.5,BOS,Big,365,0,88.0%,62,14.4%,24,1.1%,78,30.8%
Luke Kennard,25.4,LAC,Wing,1893,99,90.8%,16,3.6%,17,0.6%,83,34.8%
Braxton Key,24.7,DET,Forward,190,0,53.8%,46,8.3%,28,0.7%,89,50.0%
Corey Kispert,22.7,WAS,Wing,1731,89,87.5%,21,4.6%,2,0.4%,23,17.4%
Maxi Kleber,29.8,DAL,Big,1435,39,70.8%,9,5.8%,49,1.5%,48,23.8%
Nathan Knight,24.1,MIN,Big,179,0,62.5%,71,15.5%,90,3.3%,61,27.3%
John Konchar,25.6,MEM,Wing,1135,0,55.1%,64,9.3%,27,0.7%,6,9.1%
Furkan Korkmaz,24.3,PHI,Wing,1342,42,79.7%,45,6.4%,73,1.3%,9,13.3%
Vit Krejci,21.4,OKC,Forward,670,0,85.0%,33,6.6%,7,0.3%,18,18.2%
Jonathan Kuminga,19.1,GSW,Big,1072,36,70.0%,76,16.4%,61,1.8%,11,11.4%
Kyle Kuzma,26.3,WAS,Big,2203,42,71.2%,29,10.0%,54,1.6%,51,24.8%
Zach LaVine,26.6,CHI,Wing,2322,78,85.3%,83,11.9%,94,2.1%,50,22.7%
Jeremy Lamb,29.4,SAC,Wing,317,73,84.6%,70,9.9%,71,1.3%,92,50.0%
Jeremy Lamb,29.4,IND,Wing,577,65,83.8%,88,13.0%,93,2.1%,53,23.3%
Jock Landale,26.0,SAS,Big,513,90,83.3%,19,8.8%,57,1.6%,88,35.3%
Romeo Langford,22.0,BOS,Wing,672,1,59.4%,69,9.6%,18,0.6%,84,35.3%
Jake Layman,27.7,MIN,Forward,118,0,88.9%,89,13.2%,10,0.4%,26,20.0%
Caris LeVert,27.2,IND,Combo,1213,21,76.0%,75,9.9%,72,1.7%,43,20.9%
Caris LeVert,27.2,CLE,Wing,566,25,74.5%,73,10.3%,49,0.9%,32,19.2%
Damion Lee,29.0,GSW,Wing,1157,97,90.5%,31,5.2%,76,1.4%,46,21.1%
Saben Lee,22.4,DET,Point,553,67,85.0%,94,15.9%,58,1.8%,6,13.3%
Alex Len,28.4,SAC,Big,616,23,65.1%,65,14.7%,56,1.6%,49,24.1%
Kira Lewis Jr.,20.6,NOP,Point,301,0,88.9%,12,3.1%,2,0.4%,56,25.0%
Damian Lillard,31.3,POR,Point,1054,86,87.8%,64,8.9%,98,3.7%,14,15.1%
Nassir Little,21.7,POR,Forward,1050,31,72.2%,85,12.8%,72,1.4%,67,28.6%
Isaiah Livers,23.3,DET,Wing,381,0,85.7%,50,7.3%,6,0.5%,11,14.3%
Kevon Looney,25.7,GSW,Big,1729,11,60.0%,63,14.5%,20,1.0%,15,15.0%
Brook Lopez,33.6,MIL,Big,293,0,87.0%,13,7.2%,53,1.6%,74,30.0%
Robin Lopez,33.6,ORL,Big,592,16,61.2%,32,10.2%,77,2.4%,48,23.8%
Didi Louzada,22.3,POR,Combo,120,0,100.0%,0,0.0%,3,0.4%,98,
Kevin Love,33.1,CLE,Big,1662,93,84.3%,15,7.9%,66,2.1%,24,17.2%
Kyle Lowry,35.6,MIA,Point,2136,64,85.0%,56,8.3%,84,2.6%,24,20.0%
Timothe Luwawu-Cabarrot,26.5,ATL,Wing,615,76,84.8%,66,9.4%,10,0.5%,30,18.8%
Trey Lyles,26.0,SAC,Big,542,94,85.1%,79,16.8%,31,1.2%,58,26.5%
Trey Lyles,26.0,DET,Big,982,75,78.1%,91,20.5%,65,1.9%,89,35.6%
Theo Maledon,20.4,OKC,Combo,873,29,78.7%,95,13.3%,76,1.8%,40,20.5%
Sandro Mamukelashvili,22.4,MIL,Big,325,0,85.7%,28,9.9%,23,1.1%,74,30.0%
Terance Mann,25.0,LAC,Combo,2250,28,78.4%,82,10.3%,44,1.2%,33,18.9%
Tre Mann,20.7,OKC,Combo,1326,49,81.8%,42,6.4%,25,0.9%,44,21.1%
Boban Marjanovic,33.2,DAL,Big,104,0,56.3%,59,14.3%,91,3.4%,96,44.4%
Lauri Markkanen,24.4,CLE,Forward,1874,85,87.1%,50,8.9%,87,1.8%,41,22.4%
Naji Marshall,23.8,NOP,Wing,629,44,80.0%,91,13.7%,50,1.0%,8,12.9%
Caleb Martin,26.1,MIA,Forward,1303,50,78.3%,65,10.1%,49,0.9%,35,21.4%
Cody Martin,26.1,CHA,Wing,1810,10,70.1%,78,10.6%,39,0.8%,71,27.1%
Kelan Martin,26.2,IND,Forward,412,0,69.2%,15,4.3%,1,0.1%,10,14.3%
Kenyon Martin Jr.,20.8,HOU,Forward,1547,6,61.7%,74,10.9%,31,0.7%,66,28.1%
Garrison Mathews,25.0,HOU,Wing,1668,44,80.0%,84,11.9%,57,1.0%,58,23.7%
Wesley Matthews,35.0,MIL,Wing,986,0,75.0%,34,5.3%,31,0.7%,81,33.3%
Tyrese Maxey,21.0,PHI,Combo,2637,85,87.1%,86,10.9%,27,1.0%,71,31.3%
Skylar Mays,24.2,ATL,Combo,166,0,100.0%,18,3.8%,16,0.8%,96,100.0%
Miles McBride,21.1,NYK,Point,324,0,50.0%,16,3.4%,6,0.6%,82,33.3%
CJ McCollum,30.1,NOP,Combo,878,9,66.7%,62,8.7%,71,1.7%,82,34.8%
CJ McCollum,30.1,POR,Wing,1261,9,69.7%,24,4.8%,74,1.4%,72,27.3%
TJ McConnell,29.6,IND,Point,637,0,81.0%,20,4.4%,34,1.2%,82,33.3%
Jaden McDaniels,21.1,MIN,Forward,1771,58,81.2%,34,6.8%,30,0.7%,89,50.0%
Jalen McDaniels,23.8,CHA,Wing,829,22,72.7%,76,10.4%,56,1.0%,29,18.5%
Doug McDermott,29.8,SAS,Forward,1220,52,78.4%,17,4.4%,36,0.7%,21,19.0%
JaVale McGee,33.8,PHX,Big,1152,35,69.7%,55,13.7%,85,2.9%,86,34.3%
Rodney McGruder,30.3,DET,Wing,703,0,75.0%,27,5.1%,9,0.5%,28,18.2%
Alfonzo McKinnie,29.1,CHI,Forward,184,0,25.0%,23,5.6%,17,0.5%,0,0.0%
Jordan McLaughlin,25.6,MIN,Point,822,14,74.3%,58,8.5%,28,1.0%,80,31.3%
Ben McLemore,28.7,POR,Wing,1225,52,81.2%,33,5.3%,87,1.7%,28,17.9%
De'Anthony Melton,23.4,MEM,Combo,1612,19,74.1%,35,6.1%,37,1.1%,30,18.6%
Chimezie Metu,24.6,SAC,Big,1239,71,77.5%,22,9.2%,25,1.1%,20,15.9%
Khris Middleton,30.2,MIL,Forward,2133,92,89.0%,56,9.3%,90,2.0%,36,21.6%
Patty Mills,33.2,BKN,Combo,2310,46,81.4%,9,2.4%,17,0.8%,74,31.6%
Paul Millsap,36.7,BKN,Big,262,0,70.6%,16,8.0%,35,1.3%,14,14.3%
Shake Milton,25.1,PHI,Combo,1105,56,83.3%,65,8.8%,52,1.3%,87,42.9%
Davion Mitchell,23.2,SAC,Combo,2019,7,65.5%,15,3.5%,41,1.2%,61,27.6%
Donovan Mitchell,25.1,UTA,Combo,2263,69,85.3%,70,9.3%,95,2.4%,73,31.4%
Evan Mobley,20.4,CLE,Big,2322,26,65.9%,52,13.3%,58,1.6%,50,24.6%
Malik Monk,23.7,LAL,Combo,2096,35,79.5%,31,5.7%,36,1.1%,58,27.1%
Moses Moody,19.4,GSW,Wing,513,41,79.3%,60,8.8%,21,0.6%,85,35.7%
Xavier Moon,26.8,LAC,Point,125,0,60.0%,8,2.0%,26,1.0%,0,0.0%
Ja Morant,22.2,MEM,Point,1881,31,76.1%,86,13.7%,92,3.1%,40,21.9%
Marcus Morris,32.2,LAC,Big,1563,98,87.2%,17,8.1%,38,1.3%,47,23.7%
Markieff Morris,32.2,MIA,Big,286,0,88.9%,4,4.4%,25,1.1%,29,20.0%
Monte Morris,26.3,DEN,Point,2234,78,86.9%,18,4.3%,16,0.8%,50,23.5%
Mychal Mulder,27.4,ORL,Combo,171,0,100.0%,6,1.6%,7,0.5%,0,0.0%
Trey Murphy III,21.4,NOP,Forward,762,89,87.5%,40,7.8%,23,0.6%,78,31.6%
Dejounte Murray,25.1,SAS,Point,2364,39,79.6%,60,8.6%,60,1.8%,74,28.1%
Mike Muscala,30.3,OKC,Big,588,92,84.2%,26,9.8%,39,1.3%,60,26.9%
Sviatoslav Mykhailiuk,24.4,TOR,Wing,659,91,88.2%,49,6.8%,6,0.4%,9,13.3%
Abdel Nader,28.1,PHX,Wing,127,0,50.0%,75,10.3%,94,2.3%,0,0.0%
Larry Nance Jr.,28.8,NOP,Big,176,0,100.0%,9,6.1%,19,1.0%,0,0.0%
Larry Nance Jr.,28.8,POR,Big,841,22,64.6%,25,9.6%,45,1.4%,29,20.0%
Aaron Nesmith,22.0,BOS,Wing,440,0,78.6%,40,6.1%,12,0.5%,87,37.5%
Raul Neto,29.5,WAS,Combo,1315,22,76.3%,72,9.4%,83,2.0%,70,31.0%
Georges Niang,28.4,PHI,Big,1683,96,86.5%,2,3.9%,5,0.6%,61,27.3%
Daishen Nix,19.7,HOU,Point,210,0,52.2%,98,19.4%,24,1.0%,4,8.3%
Zeke Nnaji,20.8,DEN,Big,625,14,61.1%,64,14.5%,24,1.1%,9,11.1%
Nerlens Noel,27.6,NYK,Big,554,36,70.0%,70,15.4%,75,2.4%,94,40.0%
Jaylen Nowell,22.3,MIN,Combo,888,32,79.1%,91,11.3%,20,0.9%,80,34.1%
Frank Ntilikina,23.3,DAL,Wing,592,0,95.8%,29,5.2%,63,1.1%,38,20.0%
Jusuf Nurkic,27.2,POR,Big,1574,33,69.0%,86,18.2%,88,3.1%,64,27.8%
David Nwaba,28.8,HOU,Forward,507,32,72.9%,91,13.7%,86,1.7%,9,13.6%
Jordan Nwora,23.1,MIL,Wing,1054,82,86.7%,15,3.4%,29,0.7%,74,28.6%
Royce O'Neale,28.4,UTA,Wing,2399,49,80.4%,20,4.4%,32,0.8%,88,40.0%
Semi Ojeleye,26.9,MIL,Big,268,0,77.8%,5,4.8%,11,0.8%,84,33.3%
Chuma Okeke,23.2,ORL,Forward,1667,71,84.1%,22,5.4%,38,0.8%,13,16.1%
Josh Okogie,23.2,MIN,Forward,452,18,67.5%,98,19.6%,63,1.1%,54,26.3%
Onyeka Okongwu,20.9,ATL,Big,967,44,71.6%,89,20.0%,45,1.4%,78,30.8%
Isaac Okoro,20.8,CLE,Wing,1980,30,76.5%,96,15.5%,22,0.6%,37,19.7%
KZ Okpala,22.5,MIA,Big,200,0,66.7%,18,8.3%,28,1.1%,29,20.0%
Victor Oladipo,29.5,MIA,Combo,163,0,72.2%,61,8.5%,60,1.4%,22,16.7%
Kelly Olynyk,30.5,DET,Big,759,71,77.5%,35,11.1%,94,3.5%,71,29.4%
Cedi Osman,26.6,CLE,Forward,1440,11,65.9%,51,9.1%,70,1.3%,62,27.8%
Kelly Oubre,25.9,CHA,Forward,1931,21,68.9%,57,9.5%,56,1.0%,62,27.8%
Kevin Pangos,28.8,CLE,Combo,121,0,100.0%,0,0.0%,98,2.5%,98,
Jabari Parker,26.6,BOS,Big,102,0,100.0%,8,5.6%,14,0.9%,96,50.0%
Eric Paschall,25.0,UTA,Big,650,56,74.3%,80,16.9%,9,0.8%,74,30.0%
Chris Paul,36.5,PHX,Point,2134,53,83.8%,22,4.5%,94,3.3%,50,23.5%
Cameron Payne,27.2,PHX,Combo,1216,60,84.1%,44,6.5%,29,1.1%,65,28.9%
Elfrid Payton,27.7,PHX,Combo,433,0,39.3%,68,9.2%,11,0.7%,69,30.8%
Gary Payton II,28.9,GSW,Combo,1207,4,59.6%,55,7.4%,13,0.7%,34,19.2%
Reggie Perry,21.6,POR,Big,168,0,53.8%,21,9.1%,11,0.8%,95,42.9%
Jamorko Pickett,23.9,DET,Big,155,0,50.0%,1,2.1%,0,0.0%,0,0.0%
Theo Pinson,26.0,DAL,Wing,118,0,100.0%,61,8.8%,90,1.9%,0,0.0%
Mason Plumlee,31.7,CHA,Big,1787,0,39.4%,95,22.2%,61,1.8%,29,19.8%
Jakob Poeltl,26.0,SAS,Big,1967,4,49.5%,39,11.5%,69,2.1%,59,26.5%
Aleksej Pokusevski,19.8,OKC,Big,1200,30,68.8%,4,4.4%,30,1.2%,15,15.0%
Jordan Poole,22.4,GSW,Combo,2232,99,92.2%,63,8.8%,88,2.2%,58,27.1%
Kevin Porter,21.5,HOU,Point,1905,3,64.2%,74,9.6%,52,1.6%,48,22.9%
Michael Porter,23.3,DEN,Wing,264,0,55.6%,23,4.8%,41,0.8%,95,60.0%
Otto Porter,28.4,GSW,Forward,1373,55,80.3%,30,6.3%,65,1.3%,40,22.2%
Bobby Portis,26.7,MIL,Big,2019,60,75.2%,6,5.1%,34,1.2%,39,21.7%
Kristaps Porzingis,26.3,WAS,Big,478,100,87.7%,74,16.1%,98,4.2%,21,16.7%
Kristaps Porzingis,26.3,DAL,Big,1001,95,86.5%,40,11.8%,89,3.2%,16,15.2%
Dwight Powell,30.3,DAL,Big,1793,77,78.7%,96,22.8%,86,3.0%,95,41.9%
Norman Powell,28.4,POR,Wing,1331,48,80.3%,94,15.0%,92,2.1%,35,19.6%
Norman Powell,28.4,LAC,Wing,120,89,87.5%,99,17.8%,100,3.6%,18,15.4%
Joshua Primo,18.9,SAS,Forward,910,29,71.7%,41,7.9%,78,1.5%,21,19.0%
Taurean Prince,27.6,MIN,Forward,1172,42,75.6%,66,10.2%,26,0.7%,73,31.0%
Payton Pritchard,23.8,BOS,Point,881,0,100.0%,6,1.3%,10,0.7%,56,25.0%
Immanuel Quickley,22.4,NYK,Combo,1757,90,88.4%,85,10.7%,68,1.6%,54,24.4%
Julius Randle,26.9,NYK,Big,2537,62,75.4%,42,12.0%,83,2.8%,57,25.6%
Austin Reaves,23.4,LAL,Wing,1360,66,84.1%,95,15.2%,78,1.4%,68,26.0%
Cameron Reddish,22.2,NYK,Forward,198,0,92.0%,96,18.3%,13,0.4%,12,15.4%
Cameron Reddish,22.2,ATL,Forward,780,95,90.0%,68,10.4%,55,1.0%,19,18.4%
Davon Reed,26.4,DEN,Forward,608,0,54.5%,14,4.1%,5,0.3%,89,50.0%
Paul Reed,22.4,PHI,Big,237,0,41.7%,26,9.7%,4,0.5%,66,28.6%
Naz Reid,22.2,MIN,Big,1144,68,77.3%,59,14.2%,55,1.6%,56,25.4%
Nick Richards,23.9,CHA,Big,278,76,78.6%,89,19.7%,15,0.9%,84,33.3%
Josh Richardson,28.1,BOS,Combo,1065,81,85.9%,52,7.0%,45,1.3%,15,12.0%
Josh Richardson,28.1,SAS,Combo,512,100,94.6%,22,4.0%,32,1.1%,0,0.0%
Austin Rivers,29.3,DEN,Wing,1427,22,72.7%,25,4.9%,30,0.7%,55,23.5%
Duncan Robinson,27.5,MIA,Wing,2015,62,83.6%,10,2.3%,61,1.0%,55,23.5%
Justin Robinson,24.1,MIL,Point,156,0,,0,0.0%,0,0.3%,98,
Mitchell Robinson,23.6,NYK,Big,1847,3,48.6%,94,22.1%,29,1.2%,55,25.3%
Jeremiah Robinson-Earl,21.0,OKC,Big,1068,56,74.1%,14,7.4%,5,0.7%,8,8.0%
Isaiah Roby,23.7,OKC,Big,908,27,66.7%,66,15.1%,54,1.6%,13,13.2%
Rajon Rondo,35.7,LAL,Point,270,0,50.0%,0,0.0%,18,0.8%,98,
Rajon Rondo,35.7,CLE,Combo,407,0,75.0%,10,2.8%,77,1.9%,75,33.3%
Derrick Rose,33.1,NYK,Point,629,100,96.8%,24,5.3%,4,0.6%,24,20.0%
Terrence Ross,30.7,ORL,Wing,1447,80,85.8%,63,9.3%,58,1.0%,81,33.3%
Terry Rozier,27.6,CHA,Combo,2437,76,85.7%,33,5.9%,55,1.3%,85,40.8%
Ricky Rubio,31.0,CLE,Combo,964,72,85.4%,50,7.0%,94,2.4%,22,16.7%
D'Angelo Russell,25.7,MIN,Point,2076,50,82.5%,42,6.9%,88,2.7%,22,19.7%
Domantas Sabonis,25.5,IND,Big,1624,53,73.8%,84,17.5%,93,3.5%,55,25.2%
Domantas Sabonis,25.5,SAC,Big,504,56,74.3%,75,16.3%,86,3.0%,82,32.4%
Olivier Sarr,22.7,OKC,Big,400,95,85.2%,28,10.0%,62,1.9%,29,20.0%
Tomas Satoransky,30.0,NOP,Combo,457,0,73.9%,94,13.2%,15,0.8%,63,28.6%
Tomas Satoransky,30.0,WAS,Combo,412,0,84.0%,90,11.1%,70,1.7%,13,10.0%
Admiral Schofield,24.6,ORL,Forward,414,0,83.3%,29,6.0%,20,0.5%,67,28.6%
Dennis Schroder,28.1,HOU,Combo,404,87,87.2%,84,10.5%,14,0.7%,31,18.8%
Dennis Schroder,28.1,BOS,Point,1421,58,84.5%,72,9.5%,78,2.3%,72,27.1%
Alperen Sengun,19.3,HOU,Big,1442,42,71.2%,74,16.1%,92,3.4%,55,25.3%
Collin Sexton,22.8,CLE,Wing,314,24,74.4%,86,12.3%,98,2.8%,61,25.0%
Landry Shamet,24.6,PHX,Wing,1357,56,82.9%,43,6.3%,34,0.8%,38,20.0%
Day'Ron Sharpe,20.0,BKN,Big,304,23,65.4%,35,11.3%,16,1.0%,43,23.1%
Pascal Siakam,27.6,TOR,Forward,2574,40,74.9%,90,13.5%,97,2.6%,57,27.2%
Anfernee Simons,22.4,POR,Combo,1661,91,88.7%,28,4.8%,57,1.3%,42,20.5%
Zavier Simpson,24.7,OKC,Point,174,0,100.0%,28,5.6%,38,1.3%,82,33.3%
Jericho Sims,23.0,NYK,Big,510,1,40.7%,92,21.1%,41,1.3%,8,8.3%
Javonte Smart,22.4,MIL,Combo,142,0,83.3%,54,7.3%,24,0.9%,0,0.0%
Marcus Smart,27.7,BOS,Combo,2293,41,80.2%,67,9.0%,93,2.3%,60,27.5%
Ish Smith,33.3,CHA,Combo,448,0,58.8%,23,4.0%,26,1.0%,87,42.9%
Ish Smith,33.3,WAS,Point,597,0,60.0%,4,0.9%,32,1.1%,96,50.0%
Jalen Smith,21.6,PHX,Big,313,68,77.3%,72,16.0%,82,2.8%,29,20.0%
Jalen Smith,21.6,IND,Big,533,67,77.1%,18,8.7%,79,2.5%,15,15.0%
Dennis Smith Jr.,23.9,POR,Combo,556,9,66.7%,97,14.8%,46,1.3%,84,37.0%
Tony Snell,30.0,POR,Forward,521,0,100.0%,3,2.1%,3,0.2%,89,50.0%
Tony Snell,30.0,NOP,Wing,247,0,,0,0.0%,13,0.5%,99,
Cassius Stanley,22.2,DET,Wing,139,0,100.0%,82,11.4%,85,1.5%,88,40.0%
Lance Stephenson,31.2,IND,Combo,717,38,79.7%,76,9.9%,48,1.3%,27,18.2%
Lamar Stevens,24.3,CLE,Wing,956,13,70.4%,81,11.2%,26,0.7%,86,36.1%
Isaiah Stewart,20.4,DET,Big,1806,47,72.3%,24,9.5%,48,1.5%,74,30.0%
Max Strus,25.6,MIA,Wing,1524,38,78.8%,17,3.8%,35,0.8%,74,28.6%
Jalen Suggs,20.4,ORL,Combo,1276,24,76.7%,93,11.9%,91,2.2%,18,14.3%
Keifer Sykes,27.8,IND,Point,524,0,87.5%,10,2.2%,8,0.6%,56,25.0%
Jae'Sean Tate,26.0,HOU,Forward,2047,27,70.7%,71,10.7%,74,1.5%,70,29.8%
Jayson Tatum,23.7,BOS,Forward,2726,77,85.1%,78,11.0%,94,2.3%,38,21.8%
Terry Taylor,22.1,IND,Forward,669,34,73.3%,73,10.8%,18,0.5%,26,20.0%
Garrett Temple,35.5,NOP,Wing,1072,6,68.3%,38,5.7%,65,1.1%,55,23.5%
Daniel Theis,29.6,BOS,Big,375,30,68.8%,69,15.3%,46,1.4%,84,33.3%
Daniel Theis,29.6,HOU,Big,576,50,73.0%,16,7.9%,59,1.8%,29,20.0%
Cameron Thomas,20.1,BKN,Wing,1069,61,83.5%,58,8.4%,67,1.2%,50,22.5%
Isaiah Thomas,32.7,CHA,Combo,189,0,90.0%,18,3.8%,87,2.1%,55,25.0%
Matt Thomas,27.2,CHI,Wing,383,0,85.7%,18,3.9%,48,0.9%,61,25.0%
Klay Thompson,31.7,GSW,Wing,934,100,91.8%,13,3.4%,40,0.8%,17,15.0%
Tristan Thompson,30.6,CHI,Big,371,8,54.2%,88,19.0%,95,3.8%,29,20.0%
Tristan Thompson,30.6,SAC,Big,452,7,53.3%,54,13.6%,81,2.7%,24,17.4%
JT Thor,19.2,CHA,Forward,190,0,45.5%,95,17.9%,50,0.9%,97,57.1%
Matisse Thybulle,24.7,PHI,Wing,1669,51,80.5%,35,5.5%,1,0.2%,24,17.6%
Killian Tillie,23.7,MEM,Forward,355,0,50.0%,2,1.1%,16,0.5%,0,0.0%
Xavier Tillman,22.8,MEM,Big,564,21,63.8%,68,15.1%,36,1.3%,66,28.6%
Obi Toppin,23.7,NYK,Big,1190,64,75.7%,37,11.4%,40,1.3%,37,21.1%
Juan Toscano-Anderson,28.6,GSW,Forward,866,2,54.8%,69,10.5%,71,1.4%,59,27.3%
Karl-Anthony Towns,26.0,MIN,Big,2482,87,82.2%,73,16.1%,91,3.4%,80,31.2%
Gary Trent Jr.,22.8,TOR,Combo,2441,65,84.8%,32,5.7%,42,1.2%,29,18.5%
PJ Tucker,36.5,MIA,Big,1978,53,73.8%,2,3.4%,39,1.3%,29,20.0%
Myles Turner,25.6,IND,Big,1232,62,75.2%,43,12.1%,38,1.3%,69,28.8%
Jonas Valanciunas,29.5,NOP,Big,2236,86,82.0%,49,12.9%,88,3.1%,45,23.1%
Denzel Valentine,28.0,CLE,Wing,164,0,,0,0.0%,14,0.5%,99,
Fred VanVleet,27.7,TOR,Point,2457,83,87.4%,38,6.8%,54,1.7%,38,21.8%
Jarred Vanderbilt,22.6,MIN,Big,1869,24,65.6%,57,14.0%,43,1.4%,51,25.0%
Devin Vassell,21.2,SAS,Wing,1896,63,83.7%,36,5.5%,51,1.0%,45,20.9%
Gabe Vincent,25.4,MIA,Combo,1499,47,81.5%,21,4.0%,34,1.1%,20,15.0%
Nikola Vucevic,31.0,CHI,Big,2415,66,76.0%,3,4.3%,44,1.4%,71,29.4%
Dean Wade,24.9,CLE,Forward,950,13,66.7%,27,5.7%,32,0.7%,87,41.7%
Franz Wagner,20.2,ORL,Forward,2416,84,86.3%,60,9.7%,67,1.3%,23,19.6%
Moritz Wagner,24.5,ORL,Big,874,82,79.8%,53,13.4%,69,2.1%,64,27.8%
Ishmail Wainright,27.1,PHX,Big,245,0,50.0%,0,0.0%,51,1.5%,100,
Kemba Walker,31.5,NYK,Point,947,58,84.5%,52,7.6%,56,1.8%,24,20.0%
Lonnie Walker,22.9,SAS,Wing,1596,35,78.4%,59,8.6%,16,0.6%,17,14.5%
Derrick Walton Jr.,26.6,DET,Point,108,0,100.0%,48,7.1%,14,0.7%,0,0.0%
Brad Wanamaker,32.3,IND,Combo,249,0,88.2%,83,10.4%,100,2.7%,87,42.9%
Duane Washington,21.6,IND,Combo,920,18,74.1%,38,6.1%,35,1.1%,53,24.0%
PJ Washington,23.2,CHA,Big,1716,44,71.6%,12,7.2%,7,0.7%,26,17.9%
Yuta Watanabe,27.1,TOR,Wing,390,4,60.7%,79,10.7%,79,1.4%,18,15.4%
Lindy Waters,24.3,OKC,Wing,454,0,80.0%,4,1.2%,17,0.6%,0,0.0%
Trendon Watford,21.0,POR,Big,780,55,74.0%,56,13.9%,31,1.2%,21,16.7%
Paul Watson,26.8,OKC,Forward,140,0,,0,0.0%,0,0.0%,99,
Russell Westbrook,33.0,LAL,Point,2667,6,66.5%,84,13.0%,62,1.8%,32,20.9%
Coby White,21.7,CHI,Combo,1636,71,85.4%,37,6.1%,19,0.8%,20,15.0%
Derrick White,27.3,BOS,Combo,709,68,84.9%,98,14.8%,82,2.0%,65,28.9%
Derrick White,27.3,SAS,Combo,1485,84,86.9%,92,11.3%,90,2.2%,50,22.9%
Hassan Whiteside,32.4,UTA,Big,1125,17,62.0%,86,18.3%,85,3.0%,39,22.1%
Joe Wieskamp,22.2,SAS,Wing,141,0,62.5%,93,13.9%,0,0.0%,0,0.0%
Aaron Wiggins,22.8,OKC,Wing,1193,19,72.3%,77,10.6%,44,0.9%,80,31.6%
Andrew Wiggins,26.7,GSW,Forward,2318,8,63.1%,77,11.0%,79,1.5%,51,25.6%
Lindell Wigginton,23.6,MIL,Combo,156,3,57.7%,100,20.7%,89,2.2%,22,16.7%
Brandon Williams,21.9,POR,Point,603,11,68.8%,78,11.5%,50,1.6%,16,17.6%
Grant Williams,22.9,BOS,Forward,1842,94,89.9%,48,8.8%,52,0.9%,83,35.9%
Kenrich Williams,26.9,OKC,Forward,1069,0,54.5%,43,8.0%,60,1.1%,7,11.1%
Lou Williams,35.0,ATL,Combo,790,76,85.7%,64,8.8%,81,2.0%,17,13.3%
Patrick Williams,20.2,CHI,Big,408,78,78.8%,45,12.3%,18,1.0%,18,15.4%
Robert Williams,24.0,BOS,Big,1803,46,72.2%,36,11.3%,6,0.7%,79,31.1%
Ziaire Williams,20.1,MEM,Wing,1299,53,81.3%,32,5.3%,5,0.4%,50,22.7%
Dylan Windler,25.1,CLE,Wing,395,0,82.4%,56,8.2%,59,1.0%,11,14.3%
Justise Winslow,25.6,POR,Forward,293,0,56.0%,62,9.8%,22,0.6%,79,33.3%
Justise Winslow,25.6,LAC,Big,425,17,61.5%,46,12.4%,32,1.2%,5,5.9%
Christian Wood,26.1,HOU,Big,2092,18,62.3%,52,13.3%,94,3.6%,36,20.8%
Delon Wright,29.5,ATL,Combo,1393,74,85.5%,58,8.0%,30,1.1%,12,9.1%
Thaddeus Young,33.4,SAS,Big,355,0,45.5%,8,5.6%,55,1.6%,98,57.1%
Thaddeus Young,33.4,TOR,Forward,466,0,54.2%,63,9.9%,4,0.3%,79,33.3%
Trae Young,23.1,ATL,Point,2647,94,90.4%,66,9.1%,100,4.5%,36,21.2%
Omer Yurtseven,23.4,MIA,Big,624,14,61.1%,41,11.9%,21,1.1%,66,28.6%
Cody Zeller,29.1,POR,Big,335,79,79.1%,66,15.0%,76,2.4%,6,6.7%
Ivica Zubac,24.6,LAC,Big,1843,47,72.4%,81,17.0%,78,2.4%,18,15.3%