Player,Age,Team,Pos,MIN,Usage Rank,Usage,PSA Rank,PSA,AST% Rank,AST%,AST:Usg Rank,AST:Usg,TOV% Rank,TOV%
Precious Achiuwa,22.1,TOR,Big,1693,56,17.3%,6,100.2,37,7.0%,24,0.40,63,12.1%
Steven Adams,28.3,MEM,Big,1997,28,13.6%,26,112.1,84,15.4%,98,1.13,16,17.4%
Bam Adebayo,24.3,MIA,Big,1822,93,24.5%,64,122.2,91,17.2%,75,0.70,35,14.8%
Santi Aldama,20.8,MEM,Big,243,46,15.8%,2,89.0,18,5.5%,16,0.34,57,12.5%
LaMarcus Aldridge,36.3,BKN,Big,1047,78,19.5%,61,121.9,26,6.1%,12,0.31,84,9.2%
Nickeil Alexander-Walker,23.2,UTA,Wing,112,58,17.3%,57,113.2,79,13.8%,85,0.79,68,9.2%
Nickeil Alexander-Walker,23.2,NOP,Combo,1298,81,24.8%,18,95.8,40,16.6%,22,0.67,57,10.9%
Grayson Allen,26.1,MIL,Wing,1786,32,14.0%,84,122.0,25,7.4%,34,0.53,91,7.4%
Jarrett Allen,23.5,CLE,Big,1802,48,16.0%,95,139.8,47,7.9%,39,0.49,38,14.3%
Jose Alvarado,23.6,NOP,Point,731,38,21.0%,44,105.3,32,25.0%,64,1.19,78,10.7%
Justin Anderson,28.0,IND,Forward,260,61,16.6%,6,93.3,78,14.0%,84,0.84,97,5.1%
Kyle Anderson,28.1,MEM,Forward,1458,62,16.8%,22,101.4,86,16.2%,93,0.97,40,11.3%
Giannis Antetokounmpo,26.9,MIL,Big,2189,99,35.7%,77,126.9,99,30.3%,85,0.85,65,12.0%
Thanasis Antetokounmpo,29.3,MIL,Big,359,34,14.3%,46,117.0,45,7.5%,47,0.52,32,14.9%
Carmelo Anthony,37.4,LAL,Big,1784,66,18.4%,48,117.4,20,5.6%,11,0.30,94,7.5%
Cole Anthony,21.5,ORL,Point,2044,72,27.3%,42,104.9,54,28.0%,24,1.02,50,13.1%
OG Anunoby,24.3,TOR,Wing,1722,74,20.0%,37,109.1,60,10.9%,39,0.54,54,10.0%
Trevor Ariza,36.3,LAL,Forward,453,10,11.1%,3,89.4,36,7.8%,65,0.70,66,9.7%
D.J. Augustin,34.0,LAL,Combo,357,1,11.6%,98,129.8,20,11.4%,64,0.98,60,10.5%
D.J. Augustin,34.0,HOU,Point,507,14,18.2%,98,122.1,16,21.4%,58,1.18,6,21.2%
Deni Avdija,20.8,WAS,Forward,1910,56,16.1%,35,107.2,68,11.1%,62,0.69,33,12.0%
Deandre Ayton,23.3,PHX,Big,1708,69,18.5%,85,131.4,41,7.2%,22,0.39,55,12.6%
Udoka Azubuike,22.1,UTA,Big,155,4,10.2%,96,142.9,0,0.0%,0,0.00,0,31.0%
Marvin Bagley,22.6,DET,Big,488,71,18.6%,52,118.6,34,6.7%,19,0.36,91,8.7%
Marvin Bagley,22.6,SAC,Big,650,51,16.4%,10,104.6,9,3.8%,7,0.23,92,8.3%
LaMelo Ball,20.2,CHA,Point,2403,80,30.4%,66,112.3,82,34.3%,52,1.13,34,13.8%
Lonzo Ball,24.0,CHI,Point,1204,18,18.4%,78,115.1,12,20.3%,44,1.10,16,16.1%
Mohamed Bamba,23.5,ORL,Big,1795,46,15.9%,36,115.3,44,7.3%,32,0.46,66,11.6%
Desmond Bane,23.4,MEM,Wing,2262,83,21.8%,83,120.4,77,13.6%,57,0.62,67,9.2%
Dalano Banton,22.0,TOR,Combo,626,29,17.9%,13,91.1,51,18.7%,72,1.04,9,16.9%
Harrison Barnes,29.4,SAC,Forward,2581,70,18.0%,94,125.9,63,10.3%,43,0.57,45,11.0%
Scottie Barnes,20.3,TOR,Forward,2603,76,19.4%,47,110.8,80,14.9%,76,0.77,38,11.5%
RJ Barrett,21.4,NYK,Wing,2407,92,26.8%,20,102.2,81,14.6%,41,0.55,55,10.0%
Will Barton,30.8,DEN,Wing,2272,81,21.2%,43,109.8,87,17.1%,87,0.81,32,11.6%
Charles Bassey,21.0,PHI,Big,124,29,13.7%,94,138.2,42,7.2%,49,0.53,11,18.7%
Keita Bates-Diop,25.8,SAS,Big,911,21,13.1%,35,115.1,24,6.1%,33,0.46,32,15.0%
Nicolas Batum,32.9,LAC,Forward,1457,20,12.3%,91,123.4,61,10.0%,80,0.81,64,9.9%
Kent Bazemore,32.3,LAL,Wing,487,14,11.7%,6,91.0,26,7.4%,60,0.64,20,12.6%
Darius Bazley,21.4,OKC,Forward,1931,65,17.1%,24,103.6,37,7.8%,20,0.46,32,12.1%
Bradley Beal,28.3,WAS,Combo,1438,99,32.2%,48,108.1,90,30.9%,62,0.96,38,12.9%
Malik Beasley,24.9,MIN,Wing,1959,60,17.5%,44,110.6,39,8.5%,28,0.49,97,5.4%
DeAndre' Bembry,27.3,BKN,Wing,894,10,11.3%,74,117.4,35,8.4%,80,0.74,36,11.4%
Davis Bertans,29.0,WAS,Forward,489,46,15.2%,46,110.3,5,4.3%,4,0.28,81,8.4%
Davis Bertans,29.0,DAL,Forward,285,44,14.9%,74,116.2,24,6.8%,23,0.46,96,5.4%
Patrick Beverley,33.3,MIN,Combo,1473,36,18.6%,43,106.9,80,24.8%,86,1.33,55,11.1%
Saddiq Bey,22.6,DET,Forward,2684,83,20.6%,34,107.1,77,13.8%,59,0.67,88,7.5%
Khem Birch,29.1,TOR,Big,988,6,10.7%,14,106.9,44,7.3%,72,0.68,64,12.0%
Goga Bitadze,22.3,IND,Big,678,70,18.6%,71,123.8,70,11.7%,65,0.63,33,14.9%
Bismack Biyombo,29.2,PHX,Big,440,38,15.1%,72,123.8,29,6.2%,25,0.41,50,13.1%
Nemanja Bjelica,33.5,GSW,Big,1093,74,19.0%,35,114.8,94,19.8%,96,1.04,12,18.3%
Eric Bledsoe,31.9,LAC,Point,1358,50,22.5%,36,103.5,36,25.1%,48,1.11,12,16.8%
Keljin Blevins,25.9,POR,Combo,258,19,15.7%,3,71.1,5,6.2%,4,0.39,27,14.0%
Bogdan Bogdanovic,29.2,ATL,Wing,1835,83,21.6%,53,112.5,83,15.1%,69,0.70,86,7.8%
Bojan Bogdanovic,32.5,UTA,Forward,2121,88,21.8%,87,119.7,51,8.5%,12,0.39,47,11.0%
Leandro Bolmaro,21.1,MIN,Wing,165,7,10.5%,2,75.8,37,8.5%,86,0.80,22,12.3%
Devin Booker,25.0,PHX,Wing,2343,100,32.2%,69,116.3,95,21.2%,65,0.66,66,9.3%
Brandon Boston Jr.,19.9,LAC,Forward,669,80,20.2%,13,96.9,60,10.0%,32,0.49,70,9.3%
Chris Boucher,28.8,TOR,Big,1666,42,15.4%,34,114.4,4,2.0%,4,0.13,95,7.0%
James Bouknight,21.1,CHA,Combo,234,59,21.0%,33,101.8,12,9.4%,7,0.45,65,10.2%
Avery Bradley,30.9,LAL,Wing,1384,8,11.1%,47,111.2,5,4.6%,12,0.42,44,10.5%
Tony Bradley,23.8,CHI,Big,492,12,11.9%,53,118.6,30,6.3%,49,0.53,2,21.4%
Ignas Brazdeikis,22.8,ORL,Forward,439,60,16.5%,43,109.8,57,9.9%,49,0.60,78,8.4%
Mikal Bridges,25.2,PHX,Wing,2846,30,13.7%,97,126.6,34,8.4%,53,0.61,89,7.6%
Miles Bridges,23.6,CHA,Forward,2824,89,22.1%,82,118.6,83,15.3%,63,0.69,57,10.3%
Oshae Brissett,23.4,IND,Big,1508,44,15.6%,14,106.4,31,6.5%,26,0.42,86,9.0%
Malcolm Brogdon,28.9,IND,Combo,1205,87,27.0%,66,112.6,84,27.0%,66,1.00,69,10.1%
Armoni Brooks,23.4,HOU,Combo,619,23,16.6%,29,99.6,15,10.3%,20,0.62,86,8.3%
Armoni Brooks,23.4,TOR,Combo,139,8,12.9%,10,86.1,23,12.2%,60,0.95,75,9.6%
Dillon Brooks,25.8,MEM,Wing,881,95,28.2%,22,104.2,82,14.7%,33,0.52,82,8.2%
Bruce Brown,25.2,BKN,Forward,1707,39,14.7%,69,115.2,71,11.6%,77,0.79,65,9.8%
Charles Brown,24.7,PHI,Wing,135,2,9.8%,0,60.7,1,3.6%,5,0.37,60,9.7%
Greg Brown,20.2,POR,Big,504,47,15.9%,12,106.0,45,7.4%,34,0.46,25,15.8%
Jaylen Brown,25.0,BOS,Wing,2220,97,29.5%,66,115.3,89,17.3%,48,0.59,28,12.0%
Moses Brown,22.1,CLE,Big,163,44,15.6%,72,123.9,0,0.0%,0,0.00,78,10.1%
Moses Brown,22.1,DAL,Big,134,65,17.9%,51,118.2,2,1.1%,2,0.06,46,13.3%
Sterling Brown,26.7,DAL,Forward,569,19,12.2%,9,94.4,31,7.4%,50,0.60,21,12.8%
Troy Brown,22.3,CHI,Forward,955,11,11.2%,28,104.4,39,7.8%,66,0.70,85,7.9%
Jalen Brunson,25.2,DAL,Combo,2519,75,23.8%,82,117.4,75,23.8%,67,1.00,77,9.4%
Thomas Bryant,24.3,WAS,Big,416,54,16.7%,66,123.0,53,8.7%,46,0.52,70,11.1%
Reggie Bullock,30.6,DAL,Forward,1893,17,12.0%,65,114.5,16,6.1%,35,0.51,86,7.8%
Trey Burke,29.0,DAL,Combo,351,89,27.3%,23,98.3,61,21.6%,35,0.79,66,10.2%
Alec Burks,30.3,NYK,Combo,2309,31,18.2%,67,112.7,34,15.8%,47,0.87,76,9.4%
Jared Butler,21.2,UTA,Combo,266,77,24.2%,33,101.8,70,23.2%,61,0.96,14,15.5%
Jimmy Butler,32.1,MIA,Forward,1926,95,28.1%,85,119.1,96,26.4%,91,0.94,63,9.9%
Kentavious Caldwell-Pope,28.7,WAS,Wing,2326,61,17.7%,63,114.5,43,9.0%,29,0.51,45,10.5%
Facundo Campazzo,30.6,DEN,Point,1098,10,17.6%,32,102.3,50,27.5%,94,1.56,38,13.4%
Vlatko Cancar,24.6,DEN,Big,163,26,13.5%,74,124.4,78,13.6%,93,1.01,15,17.6%
Devin Cannady,25.4,ORL,Combo,139,12,15.0%,31,100.0,16,10.4%,25,0.70,60,10.5%
Clint Capela,27.5,ATL,Big,2041,22,13.2%,57,121.1,29,6.2%,35,0.47,95,7.0%
Jevon Carter,26.1,MIL,Combo,325,3,11.9%,100,141.3,39,16.5%,89,1.39,89,7.7%
Jevon Carter,26.1,BKN,Combo,472,18,15.7%,14,91.7,21,11.8%,30,0.75,41,12.5%
Wendell Carter,22.5,ORL,Big,1848,81,20.1%,56,120.4,82,15.0%,79,0.75,42,13.8%
Alex Caruso,27.7,CHI,Combo,1136,13,15.0%,40,106.7,53,19.2%,84,1.28,20,14.8%
Willie Cauley-Stein,28.2,DAL,Big,170,4,10.4%,3,94.4,43,7.3%,75,0.70,18,17.1%
Justin Champagnie,20.3,TOR,Wing,227,6,10.3%,42,109.8,8,5.0%,28,0.49,9,14.3%
Chris Chiozza,25.9,GSW,Combo,307,24,16.9%,5,71.8,86,27.3%,98,1.62,0,19.9%
Marquese Chriss,24.3,DAL,Big,278,68,18.5%,26,112.2,48,8.0%,28,0.43,58,12.4%
Josh Christopher,19.9,HOU,Combo,1195,51,20.3%,53,109.6,37,16.0%,33,0.79,4,17.4%
Gary Clark,27.0,NOP,Big,314,8,11.3%,17,108.8,21,5.6%,41,0.50,89,8.8%
Brandon Clarke,25.1,MEM,Big,1188,41,15.3%,87,132.0,60,9.9%,66,0.65,96,6.8%
Jordan Clarkson,29.4,UTA,Combo,2109,86,26.4%,46,107.3,30,14.4%,12,0.55,73,9.7%
Nicolas Claxton,22.5,BKN,Big,940,24,13.4%,93,138.1,34,6.8%,42,0.50,46,13.4%
Amir Coffey,24.4,LAC,Wing,1472,45,15.4%,82,120.0,61,10.9%,72,0.71,80,8.3%
John Collins,24.1,ATL,Big,1662,66,18.2%,61,122.0,54,8.8%,38,0.49,88,8.9%
Zach Collins,24.0,SAS,Big,482,76,19.2%,42,116.5,90,16.8%,86,0.88,6,20.0%
Mike Conley,34.1,UTA,Point,2056,52,23.6%,74,114.8,56,28.1%,62,1.19,76,11.1%
Pat Connaughton,28.8,MIL,Wing,1655,18,12.3%,92,124.0,19,6.5%,32,0.52,92,7.4%
Tyler Cook,24.1,CHI,Big,188,9,11.3%,78,127.5,1,0.7%,1,0.06,59,12.4%
DeMarcus Cousins,31.2,MIL,Big,286,79,19.7%,52,118.5,52,8.6%,29,0.43,64,12.0%
DeMarcus Cousins,31.2,DEN,Big,424,98,31.2%,25,111.8,94,21.1%,72,0.68,2,22.6%
Robert Covington,30.9,LAC,Forward,478,45,15.1%,100,140.1,21,6.6%,17,0.44,56,10.5%
Robert Covington,30.9,POR,Forward,1425,16,12.0%,26,104.0,20,6.5%,39,0.54,9,14.7%
Torrey Craig,30.9,IND,Forward,1013,24,13.2%,59,113.3,45,8.2%,52,0.62,30,12.4%
Torrey Craig,30.9,PHX,Forward,521,28,13.4%,56,112.9,40,7.9%,48,0.59,6,15.3%
Jae Crowder,31.3,PHX,Forward,1884,32,14.0%,39,109.0,43,8.0%,41,0.57,77,8.7%
Jarrett Culver,22.7,MEM,Combo,201,34,18.5%,8,76.6,19,10.8%,15,0.58,36,13.0%
Cade Cunningham,20.1,DET,Wing,2082,98,29.8%,16,101.0,99,28.2%,94,0.94,4,16.3%
Seth Curry,31.2,BKN,Wing,568,59,17.4%,99,130.9,72,12.4%,73,0.71,40,10.8%
Seth Curry,31.2,PHI,Combo,1564,39,19.1%,93,122.9,44,17.7%,55,0.93,37,13.0%
Stephen Curry,33.6,GSW,Point,2203,84,31.3%,100,122.7,58,28.7%,10,0.92,52,12.9%
Anthony Davis,28.6,LAL,Big,1402,94,24.9%,44,116.8,80,14.8%,55,0.59,77,10.1%
Ed Davis,32.4,CLE,Big,158,0,6.4%,32,114.3,12,4.8%,80,0.75,87,8.9%
Terence Davis,24.5,SAC,Wing,517,87,23.2%,36,108.8,64,11.0%,22,0.48,50,10.2%
DeMar DeRozan,32.2,CHI,Forward,2737,99,33.2%,86,119.1,93,22.8%,61,0.69,76,8.8%
Dewayne Dedmon,32.2,MIA,Big,1057,41,15.3%,76,126.4,35,6.9%,30,0.45,8,19.0%
Donte DiVincenzo,24.8,MIL,Combo,327,42,19.2%,17,95.0,22,11.8%,19,0.61,7,17.1%
Donte DiVincenzo,24.8,SAC,Combo,660,50,19.9%,44,107.1,50,18.6%,57,0.93,21,14.7%
Mamadi Diakite,24.8,OKC,Big,181,11,11.7%,21,109.8,4,1.9%,5,0.17,56,12.6%
Hamidou Diallo,23.3,DET,Wing,1248,76,20.5%,34,108.4,52,9.9%,25,0.48,71,9.1%
Gorgui Dieng,31.8,ATL,Big,302,37,14.9%,65,122.5,85,15.4%,95,1.03,40,14.0%
Spencer Dinwiddie,28.6,WAS,Point,1330,56,24.4%,28,100.7,66,29.4%,66,1.21,90,10.1%
Spencer Dinwiddie,28.6,DAL,Wing,649,89,24.1%,95,126.0,98,22.1%,93,0.92,70,9.1%
Luka Doncic,22.7,DAL,Point,2299,100,42.4%,72,114.3,100,45.8%,34,1.08,36,13.6%
Luguentz Dort,22.5,OKC,Wing,1664,84,21.8%,33,108.3,39,8.7%,9,0.40,47,10.5%
Ayo Dosunmu,21.8,CHI,Combo,2020,10,14.6%,86,119.1,38,16.1%,73,1.10,16,15.0%
PJ Dozier,25.0,DEN,Forward,332,57,16.1%,5,92.2,74,13.3%,81,0.82,49,10.9%
Goran Dragic,35.5,BKN,Combo,396,49,19.8%,16,93.4,66,22.5%,77,1.14,2,18.2%
Andre Drummond,28.2,BKN,Big,534,74,19.0%,67,123.2,55,8.8%,34,0.47,34,14.8%
Andre Drummond,28.2,PHI,Big,894,64,17.8%,18,108.9,86,15.7%,86,0.88,3,21.1%
Chris Duarte,24.4,IND,Wing,1527,75,20.3%,39,109.2,61,10.9%,38,0.54,24,12.3%
David Duke,22.1,BKN,Wing,295,39,14.4%,4,86.9,15,6.2%,14,0.43,88,7.8%
Kris Dunn,27.6,POR,Forward,335,90,22.7%,14,97.2,100,34.1%,99,1.50,2,17.6%
Kevin Durant,33.1,BKN,Forward,2047,98,32.1%,98,127.5,98,27.4%,85,0.85,24,12.7%
Anthony Edwards,20.2,MIN,Wing,2459,93,26.8%,55,112.8,88,17.3%,61,0.64,26,12.1%
Kessler Edwards,21.2,BKN,Forward,920,18,12.0%,29,104.8,3,3.8%,6,0.31,14,13.9%
CJ Elleby,21.4,POR,Wing,1065,39,14.4%,10,97.4,56,10.2%,72,0.71,10,14.1%
Wayne Ellington,33.9,LAL,Wing,745,15,11.9%,79,118.8,11,5.5%,18,0.46,83,7.9%
Joel Embiid,27.6,PHI,Big,2295,100,37.5%,68,123.3,96,23.7%,65,0.63,67,11.5%
Drew Eubanks,24.7,POR,Big,632,43,15.5%,89,135.2,57,9.3%,57,0.60,35,14.8%
Drew Eubanks,24.7,SAS,Big,557,52,16.6%,48,117.4,72,12.3%,78,0.74,4,20.9%
Derrick Favors,30.3,OKC,Big,652,11,11.8%,13,106.2,25,6.1%,45,0.52,99,5.1%
Dorian Finney-Smith,28.5,DAL,Forward,2638,22,12.8%,88,120.7,41,8.0%,54,0.62,52,10.7%
Malachi Flynn,23.5,TOR,Combo,480,25,17.4%,39,106.5,41,17.6%,68,1.01,95,6.6%
Bryn Forbes,28.3,SAS,Wing,649,72,19.8%,54,112.6,46,9.3%,19,0.47,49,10.3%
Bryn Forbes,28.3,DEN,Combo,590,30,18.0%,73,114.4,9,8.4%,8,0.47,79,9.3%
Trent Forrest,23.4,UTA,Wing,695,49,15.8%,46,111.1,92,18.6%,98,1.18,1,18.6%
Evan Fournier,29.0,NYK,Wing,2357,69,19.4%,50,112.1,67,11.4%,50,0.59,57,9.9%
De'Aaron Fox,23.9,SAC,Point,2074,82,30.8%,62,110.1,38,25.4%,0,0.82,74,11.2%
Tim Frazier,31.0,ORL,Point,199,6,16.6%,4,78.7,30,24.8%,90,1.50,8,17.9%
Melvin Frazier Jr.,25.2,OKC,Combo,119,28,17.9%,1,62.7,1,1.3%,0,0.07,99,6.1%
Markelle Fultz,23.4,ORL,Combo,356,98,32.2%,45,107.1,100,45.2%,90,1.41,15,15.2%
Wenyen Gabriel,24.6,LAL,Forward,291,48,15.2%,50,111.7,4,4.1%,3,0.27,54,10.5%
Daniel Gafford,23.1,WAS,Big,1427,33,14.3%,97,143.5,38,7.0%,39,0.49,39,14.1%
Danilo Gallinari,33.2,ATL,Forward,1657,68,17.6%,71,115.7,50,8.5%,28,0.48,95,5.8%
Darius Garland,21.8,CLE,Point,2424,86,31.3%,80,115.8,88,37.9%,68,1.21,28,14.5%
Marcus Garrett,23.0,MIA,Combo,121,0,8.4%,0,55.0,0,1.1%,2,0.13,100,5.0%
Usman Garuba,19.6,HOU,Big,165,2,8.1%,64,122.2,48,7.9%,91,0.97,82,9.5%
Luka Garza,22.8,DET,Big,332,72,18.9%,11,104.8,56,9.0%,36,0.48,81,9.8%
Rudy Gay,35.2,UTA,Big,1021,64,17.8%,19,109.0,46,7.7%,27,0.43,71,11.0%
Paul George,31.5,LAC,Forward,1073,100,35.5%,38,108.2,99,28.8%,79,0.81,11,14.4%
Taj Gibson,36.4,NYK,Big,939,2,9.5%,62,122.2,15,5.1%,51,0.54,44,13.7%
Josh Giddey,19.1,OKC,Wing,1693,90,25.3%,8,96.0,100,32.4%,100,1.28,2,17.3%
Shai Gilgeous-Alexander,23.3,OKC,Point,1941,92,33.0%,68,112.6,64,29.3%,4,0.89,84,10.2%
Anthony Gill,29.0,WAS,Big,405,25,13.5%,79,128.4,51,8.3%,63,0.62,60,12.3%
Freddie Gillespie,24.4,ORL,Big,118,10,11.5%,1,84.0,28,6.2%,51,0.54,5,20.0%
Rudy Gobert,29.3,UTA,Big,2116,39,15.2%,98,143.9,16,5.2%,15,0.34,24,16.2%
Brandon Goodwin,26.1,CLE,Point,472,36,21.0%,26,100.7,60,28.8%,80,1.37,20,15.4%
Aaron Gordon,26.1,DEN,Forward,2373,72,18.7%,89,121.2,65,10.9%,45,0.58,19,13.2%
Eric Gordon,32.9,HOU,Wing,1669,67,18.9%,90,123.5,78,13.7%,76,0.73,6,14.5%
Devonte' Graham,26.7,NOP,Point,2147,34,20.8%,40,104.7,14,20.8%,20,1.00,88,10.1%
Jerami Grant,27.6,DET,Big,1496,92,24.5%,28,113.0,75,13.1%,50,0.53,79,9.9%
Hassani Gravett,25.3,ORL,Combo,170,9,14.5%,96,128.2,45,17.9%,80,1.23,6,17.1%
Danny Green,34.4,PHI,Wing,1346,12,11.5%,50,112.1,20,6.5%,44,0.56,19,12.9%
Draymond Green,31.7,GSW,Big,1328,62,17.7%,47,117.3,99,32.3%,100,1.83,1,25.6%
JaMychal Green,31.4,DEN,Big,1048,48,16.1%,45,116.9,52,8.4%,48,0.53,39,14.2%
Jalen Green,19.7,HOU,Combo,2116,71,23.2%,57,110.4,27,13.2%,13,0.57,49,11.7%
Javonte Green,28.3,CHI,Forward,1506,5,10.6%,97,127.1,6,5.1%,29,0.49,82,8.3%
Jeff Green,35.2,DEN,Big,1834,35,14.7%,76,125.9,41,7.1%,37,0.48,65,11.8%
Josh Green,21.0,DAL,Wing,928,20,12.5%,76,117.7,62,11.0%,91,0.88,13,13.5%
Blake Griffin,32.6,BKN,Big,936,55,17.2%,9,103.6,83,15.2%,87,0.89,94,7.9%
Quentin Grimes,21.5,NYK,Wing,750,37,14.3%,52,112.2,44,9.1%,61,0.64,38,11.0%
Kyle Guy,24.2,MIA,Combo,148,26,17.4%,89,120.4,28,14.1%,39,0.81,70,10.1%
Rui Hachimura,23.7,WAS,Forward,917,77,19.5%,72,116.0,46,8.3%,15,0.42,79,8.4%
Tyrese Haliburton,21.7,IND,Combo,937,73,23.7%,95,127.9,98,36.0%,95,1.52,11,16.2%
Tyrese Haliburton,21.7,SAC,Combo,1750,65,21.6%,78,116.6,94,32.0%,94,1.48,34,13.2%
R.J. Hampton,20.7,ORL,Combo,1325,43,19.3%,19,96.0,48,18.2%,59,0.95,28,13.9%
Tim Hardaway Jr.,29.6,DAL,Wing,1234,78,20.7%,24,105.0,66,11.4%,43,0.55,96,6.0%
James Harden,32.2,PHI,Point,787,76,30.0%,94,120.8,94,40.8%,78,1.36,40,13.3%
James Harden,32.2,BKN,Point,1626,94,33.6%,86,117.2,92,39.8%,60,1.18,10,17.0%
Maurice Harkless,28.5,SAC,Forward,863,2,10.2%,55,112.6,2,3.5%,9,0.34,4,15.7%
Montrezl Harrell,27.8,WAS,Big,1089,77,19.4%,94,138.2,79,14.0%,76,0.72,76,10.5%
Montrezl Harrell,27.8,CHA,Big,506,59,17.5%,90,135.9,75,13.0%,78,0.74,76,10.2%
Gary Harris,27.1,ORL,Wing,1729,47,15.4%,67,115.3,48,9.4%,54,0.61,61,9.6%
Joe Harris,30.2,BKN,Wing,422,23,12.6%,98,127.4,6,4.7%,6,0.37,14,13.3%
Tobias Harris,29.3,PHI,Forward,2541,87,21.7%,63,114.2,84,15.7%,68,0.72,68,9.5%
Josh Hart,26.7,NOP,Wing,1368,62,17.9%,83,120.1,90,18.2%,96,1.02,6,14.4%
Josh Hart,26.7,POR,Combo,415,78,24.5%,97,128.4,60,21.4%,48,0.87,32,13.4%
Isaiah Hartenstein,23.5,LAC,Big,1118,62,17.7%,84,130.3,92,18.9%,96,1.06,23,16.5%
Jaxson Hayes,21.4,NOP,Big,1347,29,13.7%,91,136.6,11,4.7%,15,0.34,61,12.3%
Killian Hayes,20.3,DET,Point,1619,16,18.2%,12,93.0,26,24.2%,76,1.33,24,15.4%
Gordon Hayward,31.6,CHA,Wing,1561,77,20.5%,62,114.1,86,16.0%,83,0.78,43,10.7%
Juan Hernangomez,26.1,UTA,Big,270,12,12.1%,73,124.0,22,5.8%,36,0.48,91,8.5%
Willy Hernangomez,27.4,NOP,Big,772,81,19.9%,32,114.2,67,11.2%,54,0.56,51,13.0%
Tyler Herro,21.8,MIA,Combo,2109,94,28.9%,65,112.2,58,20.4%,26,0.71,43,12.3%
Buddy Hield,28.9,SAC,Wing,1557,80,20.8%,35,108.4,54,10.1%,26,0.49,31,11.7%
Buddy Hield,28.9,IND,Wing,924,85,22.0%,61,114.0,91,18.5%,89,0.84,16,13.0%
Haywood Highsmith,24.9,MIA,Big,133,14,12.2%,5,100.0,6,3.2%,9,0.26,99,5.4%
George Hill,35.5,MIL,Combo,1235,6,12.5%,62,111.9,24,12.4%,65,0.99,52,11.2%
Malcolm Hill,26.0,CHI,Forward,157,15,11.6%,79,118.2,7,5.2%,19,0.45,100,4.7%
Solomon Hill,30.6,ATL,Forward,124,0,7.2%,0,50.0,59,9.9%,98,1.37,98,5.0%
Jaylen Hoard,22.6,OKC,Wing,233,65,18.7%,30,107.3,69,11.6%,56,0.62,83,7.9%
Aaron Holiday,25.1,WAS,Combo,619,47,19.7%,47,107.7,49,18.3%,56,0.93,33,13.3%
Aaron Holiday,25.1,PHX,Point,310,46,22.4%,34,103.4,52,28.0%,72,1.25,54,12.8%
Jrue Holiday,31.4,MIL,Point,2201,68,26.9%,90,118.4,68,29.7%,46,1.10,44,13.2%
Justin Holiday,32.6,SAC,Wing,637,43,15.1%,12,97.6,32,8.1%,36,0.54,63,9.5%
Justin Holiday,32.6,IND,Wing,1413,42,14.7%,60,113.9,42,8.9%,52,0.60,51,10.2%
Richaun Holmes,28.0,SAC,Big,1071,30,13.9%,92,138.1,36,6.9%,41,0.50,25,16.0%
Rodney Hood,29.0,MIL,Forward,527,4,10.3%,10,95.9,27,7.0%,60,0.69,99,4.8%
Al Horford,35.4,BOS,Big,2003,42,15.3%,38,115.3,87,15.9%,95,1.04,83,9.5%
Talen Horton-Tucker,20.9,LAL,Wing,1470,73,19.9%,14,100.5,85,15.3%,83,0.77,29,11.9%
Danuel House,28.4,UTA,Wing,482,21,12.5%,87,122.6,23,6.7%,37,0.54,52,10.1%
Danuel House,28.4,HOU,Forward,220,69,17.7%,16,98.7,73,12.9%,73,0.73,0,19.3%
Dwight Howard,35.9,LAL,Big,950,28,13.6%,81,128.9,13,4.9%,18,0.36,26,15.7%
Markus Howard,22.7,DEN,Combo,110,75,24.1%,76,116.4,3,4.8%,3,0.20,88,7.9%
Kevin Huerter,23.2,ATL,Wing,2177,55,16.8%,61,114.1,71,12.4%,78,0.74,41,10.8%
Elijah Hughes,23.6,POR,Forward,271,47,15.2%,1,73.6,28,7.1%,26,0.47,91,7.2%
DeAndre Hunter,23.9,ATL,Forward,1575,71,18.3%,40,109.1,13,6.0%,7,0.33,55,10.5%
Nah'Shon Hyland,21.1,DEN,Combo,1252,80,24.7%,59,110.8,63,21.9%,49,0.89,51,11.5%
Serge Ibaka,32.1,LAC,Big,534,68,18.5%,30,113.8,66,11.1%,58,0.60,30,15.2%
Serge Ibaka,32.1,MIL,Big,330,20,12.9%,71,123.6,12,4.8%,19,0.37,80,9.9%
Andre Iguodala,37.8,GSW,Forward,598,36,14.5%,15,97.6,95,26.1%,100,1.80,13,14.0%
Joe Ingles,34.1,UTA,Forward,1117,40,14.8%,45,110.3,89,19.5%,97,1.32,31,12.2%
Brandon Ingram,24.2,NOP,Forward,1865,96,30.7%,51,111.8,97,26.8%,88,0.87,37,11.6%
Kyrie Irving,29.6,BKN,Combo,1083,96,29.9%,88,120.0,74,23.5%,32,0.79,74,9.7%
Frank Jackson,23.5,DET,Combo,1147,37,19.0%,42,106.8,8,7.8%,5,0.41,90,7.6%
Isaiah Jackson,19.8,IND,Big,495,75,19.1%,56,120.3,5,2.6%,4,0.14,21,16.7%
Jaren Jackson,22.1,MEM,Big,2112,91,23.5%,15,107.4,22,5.8%,8,0.25,74,10.8%
Josh Jackson,24.7,DET,Forward,676,73,19.0%,18,99.2,69,11.2%,47,0.59,20,12.9%
Josh Jackson,24.7,SAC,Forward,109,91,24.2%,11,96.3,19,6.3%,2,0.26,16,13.7%
Reggie Jackson,31.5,LAC,Combo,2331,95,29.7%,22,98.1,77,24.4%,40,0.82,56,11.1%
LeBron James,36.8,LAL,Big,2078,99,33.2%,75,125.2,98,29.7%,88,0.89,61,12.3%
Ty Jerome,24.3,OKC,Combo,759,66,21.9%,27,99.4,67,22.7%,71,1.04,84,8.8%
Isaiah Joe,22.3,PHI,Combo,518,5,12.5%,61,111.9,6,6.6%,11,0.53,47,12.0%
Cameron Johnson,25.7,PHX,Forward,1670,51,15.4%,95,126.2,34,7.7%,33,0.50,87,7.8%
James Johnson,34.7,BKN,Big,1139,36,14.8%,7,101.9,81,15.0%,92,1.01,69,11.2%
Keldon Johnson,21.9,SAS,Forward,2390,78,19.5%,70,115.6,52,9.1%,24,0.47,83,8.3%
Keon Johnson,19.6,LAC,Wing,111,72,19.8%,6,88.9,84,15.2%,82,0.77,33,11.5%
Keon Johnson,19.6,POR,Combo,491,67,22.2%,15,92.1,43,17.7%,37,0.80,24,14.5%
Stanley Johnson,25.4,LAL,Forward,1055,21,12.7%,64,114.4,54,9.2%,72,0.73,50,10.9%
Nikola Jokic,26.7,DEN,Big,2473,98,32.3%,88,134.5,100,38.7%,99,1.20,28,15.4%
Damian Jones,26.3,SAC,Big,977,39,15.1%,96,142.3,65,11.1%,76,0.73,16,17.5%
Herbert Jones,23.1,NOP,Forward,2321,31,13.7%,66,114.6,56,9.8%,67,0.72,17,13.6%
Tre Jones,21.8,SAS,Combo,1064,32,18.3%,63,112.0,88,28.2%,97,1.54,81,9.2%
Tyus Jones,25.5,MEM,Combo,1524,44,19.4%,56,110.3,89,28.5%,93,1.47,96,6.5%
Derrick Jones Jr.,24.7,CHI,Big,861,8,11.1%,78,127.1,10,3.9%,17,0.35,54,12.8%
DeAndre Jordan,33.3,LAL,Big,393,7,10.9%,80,128.6,9,3.9%,18,0.36,6,19.9%
DeAndre Jordan,33.3,PHI,Big,196,24,13.4%,55,119.3,26,6.2%,32,0.46,7,19.8%
Cory Joseph,30.2,DET,Combo,1590,22,16.2%,84,118.8,62,21.9%,87,1.35,23,14.6%
Georgios Kalaitzakis,22.8,OKC,Big,165,83,20.8%,16,107.7,64,10.9%,48,0.52,4,20.3%
Frank Kaminsky,28.6,PHX,Big,167,56,17.3%,91,136.8,62,10.6%,61,0.61,98,6.2%
Enes Kanter,29.5,BOS,Big,365,14,12.3%,36,115.2,2,1.5%,3,0.12,22,16.6%
Luke Kennard,25.4,LAC,Wing,1893,46,15.4%,94,126.0,63,11.0%,74,0.72,73,8.9%
Braxton Key,24.7,DET,Forward,190,63,16.8%,27,104.1,29,7.2%,16,0.43,34,11.9%
Corey Kispert,22.7,WAS,Wing,1731,24,12.8%,81,118.9,21,6.5%,30,0.51,65,9.5%
Maxi Kleber,29.8,DAL,Big,1435,17,12.6%,12,105.8,31,6.4%,45,0.51,69,11.2%
Nathan Knight,24.1,MIN,Big,179,73,18.9%,22,110.8,74,12.8%,71,0.68,58,12.4%
John Konchar,25.6,MEM,Wing,1135,1,9.5%,89,123.0,50,9.4%,95,1.00,95,6.9%
Furkan Korkmaz,24.3,PHI,Wing,1342,61,17.6%,17,101.3,75,13.0%,79,0.74,77,8.5%
Vit Krejci,21.4,OKC,Forward,670,23,13.1%,48,110.8,72,12.0%,90,0.92,12,14.1%
Jonathan Kuminga,19.1,GSW,Big,1072,84,21.3%,45,116.8,50,8.2%,21,0.39,48,13.3%
Kyle Kuzma,26.3,WAS,Big,2203,92,24.0%,20,109.7,88,16.5%,74,0.69,41,13.9%
Zach LaVine,26.6,CHI,Wing,2322,96,29.5%,85,122.4,94,20.8%,70,0.70,37,11.0%
Jeremy Lamb,29.4,SAC,Wing,317,70,19.6%,26,105.6,80,13.9%,71,0.71,76,8.6%
Jeremy Lamb,29.4,IND,Wing,577,68,19.4%,40,109.5,68,11.6%,51,0.60,75,8.7%
Jock Landale,26.0,SAS,Big,513,51,16.6%,39,116.2,61,10.3%,64,0.62,62,12.2%
Romeo Langford,22.0,BOS,Wing,672,11,11.5%,15,100.6,4,4.0%,3,0.35,72,9.1%
Jake Layman,27.7,MIN,Forward,118,37,14.5%,80,118.4,1,3.3%,1,0.23,3,17.3%
Caris LeVert,27.2,IND,Combo,1213,93,28.4%,38,106.0,65,22.4%,34,0.79,82,9.2%
Caris LeVert,27.2,CLE,Wing,566,88,23.9%,19,102.0,94,20.7%,90,0.86,39,10.9%
Damion Lee,29.0,GSW,Wing,1157,38,14.4%,57,113.2,22,6.6%,17,0.46,69,9.1%
Saben Lee,22.4,DET,Point,553,30,19.8%,24,99.0,48,27.4%,84,1.39,60,12.5%
Alex Len,28.4,SAC,Big,616,49,16.1%,34,114.8,62,10.5%,67,0.65,12,18.5%
Kira Lewis Jr.,20.6,NOP,Point,301,48,22.5%,22,98.5,28,24.7%,40,1.10,26,15.0%
Damian Lillard,31.3,POR,Point,1054,90,32.3%,64,110.8,78,32.1%,18,0.99,80,10.6%
Nassir Little,21.7,POR,Forward,1050,35,14.5%,68,115.1,32,7.5%,36,0.52,48,10.9%
Isaiah Livers,23.3,DET,Wing,381,16,12.1%,95,126.0,31,8.1%,66,0.67,7,14.4%
Kevon Looney,25.7,GSW,Big,1729,16,12.4%,41,116.4,74,12.7%,94,1.02,45,13.5%
Brook Lopez,33.6,MIL,Big,293,71,18.6%,31,114.2,6,3.0%,5,0.16,86,9.1%
Robin Lopez,33.6,ORL,Big,592,67,18.4%,29,113.3,79,14.4%,81,0.78,19,16.9%
Didi Louzada,22.3,POR,Combo,120,2,11.8%,79,116.7,4,6.1%,10,0.51,13,15.6%
Kevin Love,33.1,CLE,Big,1662,91,23.3%,54,119.1,82,15.1%,68,0.65,71,11.0%
Kyle Lowry,35.6,MIA,Point,2136,42,21.7%,92,120.2,76,32.1%,88,1.48,14,16.2%
Timothe Luwawu-Cabarrot,26.5,ATL,Wing,615,19,12.4%,51,112.2,24,7.3%,50,0.59,62,9.6%
Trey Lyles,26.0,SAC,Big,542,52,16.7%,68,123.3,49,8.1%,38,0.49,92,8.2%
Trey Lyles,26.0,DET,Big,982,84,21.2%,44,116.7,59,9.7%,31,0.46,72,10.9%
Theo Maledon,20.4,OKC,Combo,873,61,21.1%,26,99.1,47,18.1%,44,0.86,26,14.3%
Sandro Mamukelashvili,22.4,MIL,Big,325,31,13.9%,43,116.5,40,7.1%,44,0.51,75,10.5%
Terance Mann,25.0,LAC,Combo,2250,21,16.2%,72,114.4,26,13.0%,38,0.80,67,10.1%
Tre Mann,20.7,OKC,Combo,1326,64,21.6%,32,100.2,18,10.7%,9,0.50,63,10.4%
Boban Marjanovic,33.2,DAL,Big,104,96,27.1%,69,123.4,19,5.6%,6,0.20,10,18.8%
Lauri Markkanen,24.4,CLE,Forward,1874,67,17.6%,73,116.0,17,6.2%,10,0.35,89,7.3%
Naji Marshall,23.8,NOP,Wing,629,63,18.0%,10,97.4,65,11.2%,55,0.62,12,13.6%
Caleb Martin,26.1,MIA,Forward,1303,43,14.8%,90,123.2,23,6.8%,21,0.46,39,11.4%
Cody Martin,26.1,CHA,Wing,1810,25,12.8%,72,116.9,70,12.3%,94,0.96,42,10.7%
Kelan Martin,26.2,IND,Forward,412,66,17.3%,20,100.6,26,7.0%,13,0.40,84,8.1%
Kenyon Martin Jr.,20.8,HOU,Forward,1547,41,14.8%,81,118.5,53,9.2%,53,0.62,53,10.7%
Garrison Mathews,25.0,HOU,Wing,1668,26,12.8%,91,123.5,9,5.0%,8,0.39,87,7.8%
Wesley Matthews,35.0,MIL,Wing,986,3,10.0%,27,105.7,6,4.7%,20,0.47,79,8.4%
Tyrese Maxey,21.0,PHI,Combo,2637,56,20.8%,90,120.7,52,19.1%,52,0.92,92,7.3%
Skylar Mays,24.2,ATL,Combo,166,11,14.9%,85,118.9,13,10.1%,23,0.68,91,7.3%
Miles McBride,21.1,NYK,Point,324,0,14.6%,8,83.0,2,16.1%,38,1.10,100,3.9%
CJ McCollum,30.1,NOP,Combo,878,97,30.5%,81,116.9,85,27.2%,50,0.89,83,9.0%
CJ McCollum,30.1,POR,Wing,1261,94,27.3%,28,106.7,96,21.3%,84,0.78,74,8.8%
TJ McConnell,29.6,IND,Point,637,28,19.6%,46,106.3,62,28.9%,86,1.47,86,10.2%
Jaden McDaniels,21.1,MIN,Forward,1771,30,13.6%,61,113.9,18,6.2%,22,0.46,27,12.6%
Jalen McDaniels,23.8,CHA,Wing,829,40,14.4%,70,116.4,45,9.2%,58,0.64,46,10.5%
Doug McDermott,29.8,SAS,Forward,1220,54,15.7%,84,119.1,22,6.6%,14,0.42,71,9.2%
JaVale McGee,33.8,PHX,Big,1152,76,19.3%,84,130.4,17,5.3%,10,0.28,14,18.2%
Rodney McGruder,30.3,DET,Wing,703,29,13.5%,77,118.3,40,8.9%,64,0.66,48,10.4%
Alfonzo McKinnie,29.1,CHI,Forward,184,27,13.3%,4,90.9,0,2.9%,0,0.22,26,12.6%
Jordan McLaughlin,25.6,MIN,Point,822,2,15.0%,52,108.2,40,25.7%,98,1.72,56,12.7%
Ben McLemore,28.7,POR,Wing,1225,66,18.7%,64,114.8,27,7.6%,11,0.41,63,9.5%
De'Anthony Melton,23.4,MEM,Combo,1612,60,21.0%,37,105.9,32,15.7%,29,0.75,40,12.6%
Chimezie Metu,24.6,SAC,Big,1239,57,17.4%,16,107.7,39,7.0%,24,0.41,62,12.2%
Khris Middleton,30.2,MIL,Forward,2133,94,27.6%,78,117.0,94,24.6%,89,0.89,18,13.5%
Patty Mills,33.2,BKN,Combo,2310,17,15.5%,70,113.4,17,10.6%,24,0.68,85,8.6%
Paul Millsap,36.7,BKN,Big,262,50,16.4%,1,88.9,78,13.7%,83,0.83,81,9.8%
Shake Milton,25.1,PHI,Combo,1105,35,18.5%,41,106.7,35,15.9%,45,0.86,78,9.4%
Davion Mitchell,23.2,SAC,Combo,2019,69,22.7%,21,98.1,71,23.3%,70,1.03,62,10.5%
Donovan Mitchell,25.1,UTA,Combo,2263,100,34.5%,75,115.7,83,26.7%,31,0.77,54,11.1%
Evan Mobley,20.4,CLE,Big,2322,78,19.7%,19,109.7,69,11.7%,55,0.59,52,13.0%
Malik Monk,23.7,LAL,Combo,2096,45,19.4%,87,119.8,29,14.3%,27,0.73,44,12.2%
Moses Moody,19.4,GSW,Wing,513,28,13.4%,71,116.6,18,6.4%,23,0.48,90,7.6%
Xavier Moon,26.8,LAC,Point,125,40,21.6%,38,103.9,20,22.7%,28,1.05,98,7.9%
Ja Morant,22.2,MEM,Point,1881,96,36.1%,76,115.0,80,32.9%,6,0.91,66,11.9%
Marcus Morris,32.2,LAC,Big,1563,88,22.6%,23,111.1,68,11.4%,42,0.50,90,8.7%
Markieff Morris,32.2,MIA,Big,286,79,19.8%,24,111.5,71,12.2%,62,0.62,27,15.6%
Monte Morris,26.3,DEN,Point,2234,22,18.6%,84,117.0,10,20.1%,36,1.08,96,8.3%
Mychal Mulder,27.4,ORL,Combo,171,15,15.2%,9,85.2,2,1.8%,1,0.12,71,10.0%
Trey Murphy III,21.4,NOP,Forward,762,29,13.4%,37,108.2,14,6.0%,18,0.44,94,5.9%
Dejounte Murray,25.1,SAS,Point,2364,88,31.5%,48,106.9,90,38.8%,70,1.23,82,10.2%
Mike Muscala,30.3,OKC,Big,588,61,17.5%,79,128.4,24,6.0%,16,0.34,98,5.4%
Sviatoslav Mykhailiuk,24.4,TOR,Wing,659,50,16.1%,17,101.3,49,9.4%,49,0.59,25,12.2%
Abdel Nader,28.1,PHX,Wing,127,28,13.1%,7,93.3,17,6.4%,27,0.49,0,25.3%
Larry Nance Jr.,28.8,NOP,Big,176,22,13.3%,86,132.0,33,6.7%,43,0.50,9,18.9%
Larry Nance Jr.,28.8,POR,Big,841,18,12.7%,42,116.4,73,12.6%,92,1.00,74,10.8%
Aaron Nesmith,22.0,BOS,Wing,440,34,14.1%,5,88.6,7,4.7%,2,0.34,8,14.3%
Raul Neto,29.5,WAS,Combo,1315,52,20.4%,49,108.3,68,22.8%,75,1.12,42,12.4%
Georges Niang,28.4,PHI,Big,1683,38,15.1%,54,119.3,56,9.2%,60,0.61,79,9.9%
Daishen Nix,19.7,HOU,Point,210,24,19.2%,20,98.4,6,18.0%,14,0.94,2,24.5%
Zeke Nnaji,20.8,DEN,Big,625,23,13.3%,58,121.4,8,3.7%,11,0.28,68,11.3%
Nerlens Noel,27.6,NYK,Big,554,1,7.3%,49,118.1,21,5.7%,82,0.79,5,20.2%
Jaylen Nowell,22.3,MIN,Combo,888,62,21.2%,92,121.1,55,19.6%,54,0.92,94,6.8%
Frank Ntilikina,23.3,DAL,Wing,592,56,17.0%,18,101.5,74,12.8%,81,0.75,27,12.0%
Jusuf Nurkic,27.2,POR,Big,1574,90,23.2%,46,117.2,86,15.9%,73,0.68,18,17.1%
David Nwaba,28.8,HOU,Forward,507,38,14.6%,44,110.2,47,8.3%,40,0.57,59,10.2%
Jordan Nwora,23.1,MIL,Wing,1054,54,16.7%,23,104.9,13,6.0%,4,0.36,52,10.1%
Royce O'Neale,28.4,UTA,Wing,2399,4,10.1%,86,122.6,58,10.3%,97,1.03,11,14.0%
Semi Ojeleye,26.9,MIL,Big,268,5,10.6%,0,63.1,5,2.8%,9,0.26,100,4.6%
Chuma Okeke,23.2,ORL,Forward,1667,53,15.7%,19,99.8,64,10.4%,56,0.66,72,9.1%
Josh Okogie,23.2,MIN,Forward,452,6,10.7%,17,99.0,12,5.8%,38,0.54,29,12.4%
Onyeka Okongwu,20.9,ATL,Big,967,18,12.6%,95,142.2,46,7.7%,59,0.61,26,15.6%
Isaac Okoro,20.8,CLE,Wing,1980,17,12.1%,75,117.4,33,8.3%,68,0.68,39,11.0%
KZ Okpala,22.5,MIA,Big,200,32,14.1%,2,91.7,58,9.4%,69,0.66,93,8.0%
Victor Oladipo,29.5,MIA,Combo,163,83,25.9%,94,127.0,79,24.5%,58,0.94,29,13.9%
Kelly Olynyk,30.5,DET,Big,759,86,22.0%,27,112.5,95,21.2%,91,0.96,36,14.7%
Cedi Osman,26.6,CLE,Forward,1440,81,20.2%,54,112.4,79,14.6%,69,0.72,61,10.1%
Kelly Oubre,25.9,CHA,Forward,1931,82,20.2%,49,111.3,15,6.1%,5,0.30,90,7.3%
Kevin Pangos,28.8,CLE,Combo,121,25,17.4%,2,65.7,75,23.7%,88,1.36,97,6.3%
Jabari Parker,26.6,BOS,Big,102,69,18.6%,82,128.9,65,11.1%,56,0.60,9,18.8%
Eric Paschall,25.0,UTA,Big,650,52,16.7%,62,122.2,36,7.0%,26,0.42,85,9.1%
Chris Paul,36.5,PHX,Point,2134,66,26.8%,82,116.4,96,43.5%,96,1.62,68,11.8%
Cameron Payne,27.2,PHX,Combo,1216,92,27.9%,30,99.8,93,31.8%,78,1.14,45,12.1%
Elfrid Payton,27.7,PHX,Combo,433,57,20.8%,7,76.6,72,23.4%,75,1.12,10,16.6%
Gary Payton II,28.9,GSW,Combo,1207,7,12.5%,99,134.9,7,7.5%,17,0.60,53,11.2%
Reggie Perry,21.6,POR,Big,168,85,21.8%,18,109.0,76,13.2%,59,0.60,45,13.4%
Jamorko Pickett,23.9,DET,Big,155,19,12.8%,5,97.9,18,5.5%,28,0.43,97,6.5%
Theo Pinson,26.0,DAL,Wing,118,50,15.9%,72,116.7,93,20.0%,99,1.26,94,7.1%
Mason Plumlee,31.7,CHA,Big,1787,19,12.7%,55,119.6,89,16.6%,99,1.30,11,18.7%
Jakob Poeltl,26.0,SAS,Big,1967,58,17.4%,63,122.2,76,13.1%,81,0.75,44,13.5%
Aleksej Pokusevski,19.8,OKC,Big,1200,82,20.2%,4,97.0,88,15.9%,82,0.79,24,16.0%
Jordan Poole,22.4,GSW,Combo,2232,84,26.0%,91,120.7,59,20.7%,36,0.80,31,13.7%
Kevin Porter,21.5,HOU,Point,1905,70,27.0%,50,107.1,70,30.2%,50,1.12,18,16.0%
Michael Porter,23.3,DEN,Wing,264,64,18.6%,3,84.0,36,8.5%,16,0.46,58,9.9%
Otto Porter,28.4,GSW,Forward,1373,33,14.0%,76,116.5,55,9.7%,64,0.69,80,8.4%
Bobby Portis,26.7,MIL,Big,2019,75,19.0%,32,114.3,27,6.2%,13,0.32,78,9.9%
Kristaps Porzingis,26.3,WAS,Big,478,97,30.3%,58,121.4,91,16.9%,53,0.56,89,8.8%
Kristaps Porzingis,26.3,DAL,Big,1001,95,25.8%,29,113.2,68,11.7%,31,0.45,85,9.2%
Dwight Powell,30.3,DAL,Big,1793,15,12.3%,99,147.5,49,8.1%,68,0.66,48,13.3%
Norman Powell,28.4,POR,Wing,1331,82,21.5%,80,118.8,51,9.8%,17,0.46,61,9.6%
Norman Powell,28.4,LAC,Wing,120,99,30.0%,100,133.8,97,21.9%,77,0.73,78,8.4%
Joshua Primo,18.9,SAS,Forward,910,50,15.4%,12,96.4,70,11.2%,71,0.73,7,15.2%
Taurean Prince,27.6,MIN,Forward,1172,52,15.7%,83,119.1,44,8.1%,37,0.52,35,11.9%
Payton Pritchard,23.8,BOS,Point,881,8,17.4%,88,117.7,8,18.5%,30,1.07,94,9.0%
Immanuel Quickley,22.4,NYK,Combo,1757,76,24.2%,54,109.8,73,23.5%,63,0.97,72,9.9%
Julius Randle,26.9,NYK,Big,2537,96,29.6%,6,101.6,97,25.2%,85,0.85,41,14.0%
Austin Reaves,23.4,LAL,Wing,1360,17,12.2%,88,122.8,55,10.1%,88,0.83,50,10.2%
Cameron Reddish,22.2,NYK,Forward,198,64,17.1%,41,109.7,48,8.3%,30,0.49,15,13.9%
Cameron Reddish,22.2,ATL,Forward,780,86,21.7%,32,106.2,38,7.8%,11,0.36,44,11.0%
Davon Reed,26.4,DEN,Forward,608,14,11.5%,93,124.3,62,10.0%,87,0.87,73,9.0%
Paul Reed,22.4,PHI,Big,237,25,13.5%,37,115.3,51,8.3%,61,0.62,84,9.5%
Naz Reid,22.2,MIN,Big,1144,80,19.9%,40,116.3,55,8.8%,29,0.44,34,14.8%
Nick Richards,23.9,CHA,Big,278,16,12.4%,98,143.6,15,5.1%,25,0.41,8,19.6%
Josh Richardson,28.1,BOS,Combo,1065,20,16.1%,71,113.7,11,9.2%,14,0.57,75,9.6%
Josh Richardson,28.1,SAS,Combo,512,33,18.5%,77,116.6,25,13.0%,25,0.70,46,12.0%
Austin Rivers,29.3,DEN,Wing,1427,22,12.6%,45,111.0,28,8.0%,59,0.64,17,13.0%
Duncan Robinson,27.5,MIA,Wing,2015,52,16.2%,65,115.0,50,9.5%,46,0.59,84,7.9%
Justin Robinson,24.1,MIL,Point,156,4,15.5%,10,83.7,4,16.7%,32,1.07,30,14.3%
Mitchell Robinson,23.6,NYK,Big,1847,3,10.2%,99,144.5,7,3.2%,12,0.31,42,13.8%
Jeremiah Robinson-Earl,21.0,OKC,Big,1068,32,14.2%,8,103.5,39,7.1%,40,0.50,73,10.9%
Isaiah Roby,23.7,OKC,Big,908,60,17.5%,59,121.7,69,11.7%,70,0.67,82,9.7%
Rajon Rondo,35.7,LAL,Point,270,32,20.5%,2,75.7,86,36.3%,100,1.77,0,24.5%
Rajon Rondo,35.7,CLE,Combo,407,58,20.9%,64,112.0,99,38.6%,99,1.85,5,17.3%
Derrick Rose,33.1,NYK,Point,629,54,24.1%,58,108.5,42,26.5%,42,1.10,72,11.2%
Terrence Ross,30.7,ORL,Wing,1447,71,19.6%,25,105.6,73,12.8%,63,0.65,35,11.4%
Terry Rozier,27.6,CHA,Combo,2437,72,23.2%,74,114.9,56,19.6%,43,0.85,93,7.0%
Ricky Rubio,31.0,CLE,Combo,964,90,27.5%,25,98.7,97,34.5%,82,1.26,25,14.4%
D'Angelo Russell,25.7,MIN,Point,2076,74,27.9%,60,109.5,74,32.0%,56,1.15,64,11.9%
Domantas Sabonis,25.5,IND,Big,1624,87,22.4%,81,128.8,95,22.8%,94,1.02,20,16.9%
Domantas Sabonis,25.5,SAC,Big,504,94,25.2%,59,121.5,98,27.1%,97,1.08,15,17.7%
Olivier Sarr,22.7,OKC,Big,400,13,12.1%,89,135.2,35,6.8%,54,0.56,19,17.0%
Tomas Satoransky,30.0,NOP,Combo,457,14,15.1%,4,71.7,69,23.2%,96,1.53,30,13.7%
Tomas Satoransky,30.0,WAS,Combo,412,27,17.6%,68,112.9,96,33.9%,100,1.92,25,14.4%
Admiral Schofield,24.6,ORL,Forward,414,26,13.3%,67,114.7,33,7.6%,44,0.57,5,15.4%
Dennis Schroder,28.1,HOU,Combo,404,79,24.5%,36,105.2,95,32.2%,85,1.32,8,17.0%
Dennis Schroder,28.1,BOS,Point,1421,58,25.1%,56,108.4,22,23.4%,12,0.93,48,13.1%
Alperen Sengun,19.3,HOU,Big,1442,88,22.7%,25,111.5,93,19.2%,84,0.84,13,18.3%
Collin Sexton,22.8,CLE,Wing,314,91,26.4%,29,106.7,72,12.6%,21,0.48,3,16.7%
Landry Shamet,24.6,PHX,Wing,1357,48,15.8%,49,111.8,57,10.2%,62,0.65,85,7.8%
Day'Ron Sharpe,20.0,BKN,Big,304,59,17.5%,39,115.4,32,6.6%,21,0.37,22,16.5%
Pascal Siakam,27.6,TOR,Forward,2574,93,27.3%,57,113.2,91,22.5%,82,0.82,41,11.2%
Anfernee Simons,22.4,POR,Combo,1661,82,25.6%,83,118.6,64,22.0%,46,0.86,50,11.7%
Zavier Simpson,24.7,OKC,Point,174,26,19.3%,6,81.5,32,25.0%,74,1.29,46,13.1%
Jericho Sims,23.0,NYK,Big,510,1,6.6%,92,137.3,19,5.6%,84,0.85,1,25.5%
Javonte Smart,22.4,MIL,Combo,142,16,15.4%,6,75.6,14,10.1%,21,0.66,12,15.8%
Marcus Smart,27.7,BOS,Combo,2293,54,20.5%,50,108.4,78,24.4%,79,1.19,19,14.8%
Ish Smith,33.3,CHA,Combo,448,68,22.6%,11,89.8,87,28.1%,81,1.24,35,13.1%
Ish Smith,33.3,WAS,Point,597,60,25.2%,18,96.6,84,34.9%,82,1.39,62,12.4%
Jalen Smith,21.6,PHX,Big,313,61,17.5%,31,113.8,3,1.8%,2,0.10,31,15.0%
Jalen Smith,21.6,IND,Big,533,55,17.2%,75,124.8,11,4.4%,8,0.26,88,8.8%
Dennis Smith Jr.,23.9,POR,Combo,556,63,21.5%,20,97.9,91,31.2%,92,1.45,17,15.0%
Tony Snell,30.0,POR,Forward,521,1,8.7%,21,101.0,10,5.3%,51,0.61,51,10.8%
Tony Snell,30.0,NOP,Wing,247,5,10.2%,93,124.6,0,3.1%,1,0.31,28,12.0%
Cassius Stanley,22.2,DET,Wing,139,33,14.1%,68,115.6,2,3.8%,0,0.27,16,13.0%
Lance Stephenson,31.2,IND,Combo,717,91,27.6%,51,108.6,92,31.3%,76,1.13,22,14.6%
Lamar Stevens,24.3,CLE,Wing,956,51,16.1%,41,109.8,17,6.2%,7,0.39,34,11.5%
Isaiah Stewart,20.4,DET,Big,1806,27,13.6%,22,110.2,38,7.0%,46,0.52,36,14.7%
Max Strus,25.6,MIA,Wing,1524,53,16.3%,94,125.0,38,8.5%,31,0.52,59,9.7%
Jalen Suggs,20.4,ORL,Combo,1276,88,27.0%,12,89.9,81,24.9%,53,0.92,3,17.4%
Keifer Sykes,27.8,IND,Point,524,20,18.4%,16,93.9,0,15.9%,2,0.86,42,13.3%
Jae'Sean Tate,26.0,HOU,Forward,2047,79,19.9%,62,114.0,87,17.2%,86,0.86,10,14.6%
Jayson Tatum,23.7,BOS,Forward,2726,97,32.0%,77,116.8,90,20.5%,55,0.64,46,11.0%
Terry Taylor,22.1,IND,Forward,669,34,14.4%,99,132.3,49,8.4%,46,0.58,62,10.0%
Garrett Temple,35.5,NOP,Wing,1072,31,13.8%,9,97.0,53,9.9%,75,0.72,21,12.4%
Daniel Theis,29.6,BOS,Big,375,31,14.1%,88,132.8,42,7.2%,44,0.51,54,12.8%
Daniel Theis,29.6,HOU,Big,576,40,15.2%,24,111.3,25,6.1%,22,0.40,28,15.5%
Cameron Thomas,20.1,BKN,Wing,1069,79,20.8%,31,108.0,41,8.9%,13,0.43,56,10.0%
Isaiah Thomas,32.7,CHA,Combo,189,85,26.3%,80,116.8,33,15.7%,16,0.60,87,8.1%
Matt Thomas,27.2,CHI,Wing,383,9,11.3%,73,117.1,10,5.1%,15,0.45,98,5.1%
Klay Thompson,31.7,GSW,Wing,934,94,27.2%,39,109.4,83,14.9%,42,0.55,93,7.3%
Tristan Thompson,30.6,CHI,Big,371,26,13.5%,38,115.3,14,5.0%,20,0.37,75,10.6%
Tristan Thompson,30.6,SAC,Big,452,63,17.7%,9,103.9,23,5.8%,14,0.33,31,15.1%
JT Thor,19.2,CHA,Forward,190,7,10.9%,23,102.5,67,11.0%,95,1.01,23,12.8%
Matisse Thybulle,24.7,PHI,Wing,1669,0,9.1%,78,118.5,14,6.1%,67,0.67,30,11.9%
Killian Tillie,23.7,MEM,Forward,355,12,11.2%,31,105.4,9,5.3%,27,0.47,68,9.5%
Xavier Tillman,22.8,MEM,Big,564,49,16.1%,8,102.1,71,11.9%,77,0.74,55,12.6%
Obi Toppin,23.7,NYK,Big,1190,72,18.7%,65,122.3,61,10.4%,52,0.56,68,11.3%
Juan Toscano-Anderson,28.6,GSW,Forward,866,49,15.4%,36,108.1,88,17.4%,96,1.13,1,19.0%
Karl-Anthony Towns,26.0,MIN,Big,2482,95,26.5%,82,129.2,92,17.7%,69,0.67,38,14.4%
Gary Trent Jr.,22.8,TOR,Combo,2441,55,20.6%,55,109.9,10,8.5%,6,0.41,98,6.1%
PJ Tucker,36.5,MIA,Big,1978,9,11.5%,49,117.9,63,10.7%,90,0.93,51,13.1%
Myles Turner,25.6,IND,Big,1232,45,15.8%,66,123.0,16,5.3%,14,0.34,59,12.4%
Jonas Valanciunas,29.5,NOP,Big,2236,89,22.8%,70,123.5,77,13.6%,56,0.60,29,15.3%
Denzel Valentine,28.0,CLE,Wing,164,35,14.2%,28,106.0,29,8.0%,45,0.57,18,13.0%
Fred VanVleet,27.7,TOR,Point,2457,62,25.8%,70,112.8,44,26.6%,26,1.03,70,11.6%
Jarred Vanderbilt,22.6,MIN,Big,1869,5,10.4%,60,121.8,32,6.6%,66,0.64,29,15.4%
Devin Vassell,21.2,SAS,Wing,1896,57,17.3%,38,109.2,47,9.4%,40,0.54,94,7.2%
Gabe Vincent,25.4,MIA,Combo,1499,41,19.1%,58,110.5,54,19.4%,69,1.02,18,14.9%
Nikola Vucevic,31.0,CHI,Big,2415,89,23.1%,15,107.2,85,15.4%,71,0.67,72,10.9%
Dean Wade,24.9,CLE,Forward,950,3,10.2%,60,113.6,35,7.8%,74,0.76,93,6.8%
Franz Wagner,20.2,ORL,Forward,2416,84,20.8%,52,111.9,81,15.1%,70,0.72,60,10.2%
Moritz Wagner,24.5,ORL,Big,874,85,21.6%,74,124.1,81,14.9%,74,0.69,56,12.5%
Ishmail Wainright,27.1,PHX,Big,245,21,12.9%,4,97.4,28,6.2%,35,0.48,96,6.5%
Kemba Walker,31.5,NYK,Point,947,44,22.4%,54,108.3,18,22.0%,16,0.98,92,9.9%
Lonnie Walker,22.9,SAS,Wing,1596,86,23.1%,21,103.3,76,13.6%,47,0.59,81,8.3%
Derrick Walton Jr.,26.6,DET,Point,108,12,17.6%,0,67.9,46,26.9%,92,1.53,4,22.9%
Brad Wanamaker,32.3,IND,Combo,249,38,19.0%,25,98.6,76,24.1%,83,1.27,1,19.9%
Duane Washington,21.6,IND,Combo,920,53,20.5%,35,103.4,25,12.4%,18,0.61,48,11.8%
PJ Washington,23.2,CHA,Big,1716,36,14.8%,50,118.1,66,11.1%,79,0.75,49,13.2%
Yuta Watanabe,27.1,TOR,Wing,390,36,14.2%,13,98.4,12,5.8%,10,0.41,23,12.3%
Lindy Waters,24.3,OKC,Wing,454,44,15.2%,59,113.2,30,8.1%,35,0.53,99,5.0%
Trendon Watford,21.0,POR,Big,780,54,16.7%,41,116.3,84,15.3%,89,0.92,53,12.8%
Paul Watson,26.8,OKC,Forward,140,9,10.9%,2,75.0,30,7.3%,57,0.67,43,11.1%
Russell Westbrook,33.0,LAL,Point,2667,78,30.4%,30,102.2,72,31.0%,22,1.02,22,15.4%
Coby White,21.7,CHI,Combo,1636,48,19.7%,69,113.3,31,14.7%,28,0.74,80,9.2%
Derrick White,27.3,BOS,Combo,709,46,19.7%,52,109.2,46,17.9%,51,0.91,68,10.1%
Derrick White,27.3,SAS,Combo,1485,70,22.8%,60,111.0,82,25.5%,74,1.12,59,10.7%
Hassan Whiteside,32.4,UTA,Big,1125,35,14.8%,86,131.5,8,3.2%,6,0.22,52,12.9%
Joe Wieskamp,22.2,SAS,Wing,141,6,10.4%,1,75.0,3,3.8%,6,0.37,100,2.8%
Aaron Wiggins,22.8,OKC,Wing,1193,41,14.7%,48,111.7,28,8.0%,39,0.54,15,13.2%
Andrew Wiggins,26.7,GSW,Forward,2318,85,21.6%,53,111.9,66,10.9%,34,0.50,67,9.6%
Lindell Wigginton,23.6,MIL,Combo,156,40,19.1%,23,98.3,36,16.0%,41,0.84,39,12.9%
Brandon Williams,21.9,POR,Point,603,64,26.4%,14,93.0,24,24.1%,8,0.91,32,14.0%
Grant Williams,22.9,BOS,Forward,1842,13,11.4%,96,127.1,11,5.6%,31,0.49,22,12.8%
Kenrich Williams,26.9,OKC,Forward,1069,55,16.1%,33,107.1,85,16.0%,94,0.99,36,11.8%
Lou Williams,35.0,ATL,Combo,790,74,23.7%,28,99.4,57,19.9%,42,0.84,64,10.3%
Patrick Williams,20.2,CHI,Big,408,15,12.3%,83,130.0,14,4.9%,23,0.40,46,13.3%
Robert Williams,24.0,BOS,Big,1803,6,10.6%,100,149.3,58,9.5%,88,0.90,37,14.5%
Ziaire Williams,20.1,MEM,Wing,1299,27,12.9%,56,113.1,15,6.2%,24,0.48,72,9.0%
Dylan Windler,25.1,CLE,Wing,395,13,11.6%,32,108.0,59,10.4%,92,0.90,5,15.6%
Justise Winslow,25.6,POR,Forward,293,74,19.2%,7,93.5,82,15.2%,78,0.79,74,9.0%
Justise Winslow,25.6,LAC,Big,425,65,17.9%,11,105.0,89,16.5%,89,0.92,14,18.2%
Christian Wood,26.1,HOU,Big,2092,86,22.2%,51,118.3,72,12.4%,52,0.56,66,11.6%
Delon Wright,29.5,ATL,Combo,1393,4,12.1%,75,115.6,42,17.6%,91,1.45,58,10.9%
Thaddeus Young,33.4,SAS,Big,355,82,20.3%,28,113.0,96,24.0%,98,1.18,17,17.2%
Thaddeus Young,33.4,TOR,Forward,466,59,16.4%,30,105.3,76,13.5%,83,0.82,28,12.5%
Trae Young,23.1,ATL,Point,2647,98,39.0%,96,121.1,98,44.4%,54,1.14,58,12.7%
Omer Yurtseven,23.4,MIA,Big,624,58,17.5%,21,110.1,64,10.9%,64,0.63,49,13.3%
Cody Zeller,29.1,POR,Big,335,34,14.6%,69,123.4,54,8.8%,58,0.60,43,13.8%
Ivica Zubac,24.6,LAC,Big,1843,45,15.8%,85,130.5,59,9.7%,62,0.62,21,16.9%