Player,Age,Team,Pos,MIN,eFG% Rank,eFG%,2P% Rank,2P%,3P% Rank,3P%,FT% Rank,FT%,ASTD% All Rank,ASTD% All,ASTD% Rim Rank,ASTD% Rim,ASTD% Mid Rank,ASTD% Mid,ASTD% Three Rank,ASTD% Three
Precious Achiuwa,22.1,TOR,Big,1693,7,48.6%,7,46.9%,61,35.5%,11,60.0%,75,67%,66,63%,83,53%,76,96%
Steven Adams,28.3,MEM,Big,1997,42,55.1%,34,55.0%,0,,8,54.3%,98,49%,97,46%,66,64%,0,
Bam Adebayo,24.3,MIA,Big,1822,46,55.9%,42,56.1%,0,0.0%,60,75.2%,89,61%,56,66%,82,54%,0,
Santi Aldama,20.8,MEM,Big,243,2,42.8%,49,57.4%,0,10.3%,0,62.5%,62,71%,73,60%,1,100%,24,100%
LaMarcus Aldridge,36.3,BKN,Big,1047,50,56.6%,50,57.6%,31,31.1%,98,87.3%,44,76%,76,59%,34,82%,24,100%
Nickeil Alexander-Walker,23.2,UTA,Wing,112,25,48.6%,8,41.7%,36,34.8%,0,90.0%,75,62%,98,0%,61,50%,69,88%
Nickeil Alexander-Walker,23.2,NOP,Combo,1298,25,45.7%,30,43.7%,28,31.8%,15,72.2%,38,60%,45,44%,48,34%,31,89%
Grayson Allen,26.1,MIL,Wing,1786,88,58.5%,60,52.8%,85,40.7%,81,86.5%,33,82%,31,69%,44,60%,57,91%
Jarrett Allen,23.5,CLE,Big,1802,93,67.8%,94,68.7%,0,10.0%,40,70.8%,54,73%,29,73%,48,74%,100,0%
Jose Alvarado,23.6,NOP,Point,731,62,51.2%,98,54.8%,13,29.5%,8,68.2%,38,46%,38,33%,22,29%,6,96%
Justin Anderson,28.0,IND,Forward,260,4,42.4%,60,54.5%,7,23.1%,0,80.0%,49,73%,11,78%,74,44%,67,92%
Kyle Anderson,28.1,MEM,Forward,1458,22,48.4%,21,47.9%,38,33.3%,10,63.1%,83,60%,80,51%,63,55%,36,97%
Giannis Antetokounmpo,26.9,MIL,Big,2189,65,58.7%,71,61.7%,26,30.0%,45,72.0%,99,43%,95,49%,96,29%,99,41%
Thanasis Antetokounmpo,29.3,MIL,Big,359,62,58.2%,62,60.0%,0,25.0%,14,60.7%,74,68%,51,67%,1,100%,99,50%
Carmelo Anthony,37.4,LAL,Big,1784,39,54.7%,18,52.3%,79,37.8%,89,83.0%,71,69%,79,57%,92,44%,86,92%
Cole Anthony,21.5,ORL,Point,2044,24,46.9%,22,43.4%,47,34.1%,69,85.2%,56,40%,38,33%,64,17%,54,66%
OG Anunoby,24.3,TOR,Wing,1722,44,52.5%,50,50.9%,50,36.2%,27,74.6%,74,62%,67,55%,91,28%,67,88%
Trevor Ariza,36.3,LAL,Forward,453,5,42.8%,41,52.0%,14,26.4%,0,55.6%,7,91%,12,77%,0,,0,100%
D.J. Augustin,34.0,LAL,Combo,357,97,63.4%,88,55.6%,93,43.8%,0,100.0%,21,71%,66,33%,98,0%,32,89%
D.J. Augustin,34.0,HOU,Point,507,88,55.2%,8,40.0%,89,41.1%,72,86.8%,4,65%,14,46%,94,0%,30,77%
Deni Avdija,20.8,WAS,Forward,1910,36,50.6%,51,52.4%,30,32.2%,39,74.8%,64,71%,56,60%,57,57%,59,94%
Deandre Ayton,23.3,PHX,Big,1708,86,64.0%,82,64.2%,81,38.9%,58,74.6%,19,81%,15,78%,27,84%,24,100%
Udoka Azubuike,22.1,UTA,Big,155,98,70.6%,97,70.6%,0,,0,40.0%,6,88%,3,91%,100,0%,0,
Marvin Bagley,22.6,DET,Big,488,59,57.8%,75,62.4%,6,23.5%,10,59.3%,51,74%,24,75%,64,64%,24,100%
Marvin Bagley,22.6,SAC,Big,650,9,49.4%,24,53.6%,9,24.6%,59,75.0%,82,64%,92,50%,42,78%,94,87%
LaMelo Ball,20.2,CHA,Point,2403,74,52.4%,40,46.5%,83,39.4%,81,87.2%,36,46%,56,30%,48,23%,42,75%
Lonzo Ball,24.0,CHI,Point,1204,96,56.6%,18,41.8%,98,42.4%,22,75.0%,0,70%,16,46%,34,25%,22,84%
Mohamed Bamba,23.5,ORL,Big,1795,48,56.1%,40,55.7%,80,37.8%,70,77.5%,55,72%,84,56%,68,63%,66,99%
Desmond Bane,23.4,MEM,Wing,2262,81,57.0%,35,48.5%,96,44.0%,96,90.3%,57,70%,65,55%,40,64%,77,83%
Dalano Banton,22.0,TOR,Combo,626,16,44.0%,46,46.9%,7,23.9%,1,55.0%,82,38%,66,33%,77,22%,46,82%
Harrison Barnes,29.4,SAC,Forward,2581,79,55.5%,54,52.6%,86,39.4%,61,82.7%,61,71%,65,58%,64,54%,47,95%
Scottie Barnes,20.3,TOR,Forward,2603,47,52.5%,59,54.1%,20,30.3%,35,73.8%,91,48%,87,46%,81,39%,84,84%
RJ Barrett,21.4,NYK,Wing,2407,12,46.7%,15,44.1%,34,34.6%,18,71.4%,84,54%,85,44%,88,30%,53,91%
Will Barton,30.8,DEN,Wing,2272,47,52.7%,49,50.4%,56,36.9%,43,79.8%,78,61%,64,55%,79,42%,88,77%
Charles Bassey,21.0,PHI,Big,124,96,69.0%,99,74.1%,0,0.0%,0,70.0%,79,65%,79,57%,28,83%,0,
Keita Bates-Diop,25.8,SAS,Big,911,38,54.6%,47,57.2%,21,28.3%,65,75.9%,40,77%,38,70%,1,100%,85,92%
Nicolas Batum,32.9,LAC,Forward,1457,97,60.7%,87,60.7%,91,40.4%,13,66.7%,6,92%,7,83%,15,83%,35,97%
Kent Bazemore,32.3,LAL,Wing,487,7,43.8%,1,30.0%,44,35.9%,0,75.0%,6,92%,3,89%,36,67%,1,100%
Darius Bazley,21.4,OKC,Forward,1931,23,48.8%,36,51.3%,19,30.2%,19,68.5%,50,73%,41,64%,50,62%,48,95%
Bradley Beal,28.3,WAS,Combo,1438,40,49.3%,68,50.7%,17,30.1%,51,82.8%,77,41%,46,44%,59,30%,85,60%
Malik Beasley,24.9,MIN,Wing,1959,56,53.7%,13,43.8%,63,37.9%,71,84.5%,28,84%,50,62%,32,69%,56,91%
DeAndre' Bembry,27.3,BKN,Wing,894,85,58.1%,88,58.5%,60,37.5%,3,60.0%,39,79%,19,76%,25,75%,1,100%
Davis Bertans,29.0,WAS,Forward,489,34,50.3%,41,52.0%,36,33.1%,100,93.3%,2,95%,15,75%,19,80%,0,100%
Davis Bertans,29.0,DAL,Forward,285,85,56.9%,28,50.0%,81,38.3%,0,80.0%,1,97%,0,100%,2,100%,38,97%
Patrick Beverley,33.3,MIN,Combo,1473,50,50.5%,54,48.7%,44,34.3%,13,71.8%,60,51%,94,17%,50,33%,54,79%
Saddiq Bey,22.6,DET,Forward,2684,27,49.7%,13,45.3%,59,35.4%,63,83.1%,74,65%,83,49%,86,37%,76,89%
Khem Birch,29.1,TOR,Big,988,6,48.5%,16,52.2%,0,0.0%,58,74.6%,21,80%,46,68%,12,95%,0,
Goga Bitadze,22.3,IND,Big,678,68,58.9%,83,64.2%,35,31.5%,28,67.8%,43,76%,41,70%,28,83%,24,100%
Bismack Biyombo,29.2,PHX,Big,440,78,61.8%,72,61.8%,0,,9,55.6%,46,75%,22,75%,51,74%,0,
Nemanja Bjelica,33.5,GSW,Big,1093,41,54.9%,31,54.3%,73,37.1%,50,72.8%,41,76%,71,61%,38,79%,80,94%
Eric Bledsoe,31.9,LAC,Point,1358,30,47.7%,56,47.9%,26,31.7%,25,75.7%,40,46%,36,34%,32,26%,12,90%
Keljin Blevins,25.9,POR,Combo,258,5,34.6%,3,25.9%,8,25.9%,0,60.0%,10,81%,17,60%,1,100%,39,86%
Bogdan Bogdanovic,29.2,ATL,Wing,1835,55,53.6%,55,52.0%,55,36.7%,66,84.1%,81,58%,84,45%,83,35%,84,79%
Bojan Bogdanovic,32.5,UTA,Forward,2121,77,55.4%,46,52.3%,83,38.8%,79,85.3%,55,72%,50,62%,66,50%,66,92%
Leandro Bolmaro,21.1,MIN,Wing,165,1,30.4%,4,31.8%,0,16.7%,0,80.0%,46,75%,26,71%,0,,1,100%
Devin Booker,25.0,PHX,Wing,2343,54,53.4%,50,50.8%,73,38.8%,84,86.8%,92,46%,77,49%,83,36%,95,63%
Brandon Boston Jr.,19.9,LAC,Forward,669,11,44.3%,6,42.2%,31,32.3%,76,84.6%,76,65%,40,64%,34,71%,97,60%
Chris Boucher,28.8,TOR,Big,1666,25,52.6%,52,58.0%,25,29.6%,72,77.8%,46,75%,59,66%,39,79%,68,98%
James Bouknight,21.1,CHA,Combo,234,24,45.5%,15,39.3%,58,36.8%,0,88.0%,31,63%,38,48%,50,33%,21,93%
Avery Bradley,30.9,LAL,Wing,1384,61,54.4%,29,47.8%,79,39.2%,0,88.9%,36,80%,48,63%,38,65%,46,94%
Tony Bradley,23.8,CHI,Big,492,66,58.7%,57,58.7%,0,,0,57.1%,53,73%,51,67%,1,100%,0,
Ignas Brazdeikis,22.8,ORL,Forward,439,60,54.0%,73,57.3%,38,33.3%,5,61.5%,66,70%,63,59%,65,54%,45,96%
Mikal Bridges,25.2,PHX,Wing,2846,94,60.5%,96,62.9%,59,37.5%,59,83.4%,32,82%,12,80%,28,72%,21,98%
Miles Bridges,23.6,CHA,Forward,2824,81,55.7%,83,58.9%,34,33.0%,56,80.4%,73,66%,43,64%,73,45%,89,82%
Oshae Brissett,23.4,IND,Big,1508,10,49.5%,6,46.5%,60,35.1%,38,70.5%,20,81%,32,72%,82,53%,73,97%
Malcolm Brogdon,28.9,IND,Combo,1205,49,50.3%,73,52.0%,24,31.2%,75,85.6%,92,33%,84,23%,65,28%,90,59%
Armoni Brooks,23.4,HOU,Combo,619,34,48.2%,93,56.7%,22,31.1%,0,82.4%,12,79%,11,64%,9,67%,45,83%
Armoni Brooks,23.4,TOR,Combo,139,10,41.4%,100,100.0%,10,26.5%,0,100.0%,2,90%,0,,1,100%,33,89%
Dillon Brooks,25.8,MEM,Wing,881,22,48.2%,32,48.3%,19,31.3%,77,84.9%,85,54%,79,48%,72,46%,78,83%
Bruce Brown,25.2,BKN,Forward,1707,62,54.1%,52,52.5%,92,40.9%,45,76.2%,35,78%,28,70%,13,85%,33,97%
Charles Brown,24.7,PHI,Wing,135,0,23.1%,0,28.6%,0,0.0%,0,83.3%,66,67%,51,60%,2,100%,0,
Greg Brown,20.2,POR,Big,504,9,49.3%,9,48.3%,55,34.0%,48,72.5%,25,79%,49,68%,28,83%,24,100%
Jaylen Brown,25.0,BOS,Wing,2220,59,54.2%,73,54.4%,43,35.9%,28,75.6%,83,55%,66,55%,81,37%,90,76%
Moses Brown,22.1,CLE,Big,163,84,63.6%,79,63.6%,0,,0,52.0%,35,77%,6,86%,93,43%,0,
Moses Brown,22.1,DAL,Big,134,47,56.1%,41,56.1%,0,,20,63.3%,6,87%,4,86%,1,100%,0,
Sterling Brown,26.7,DAL,Forward,569,14,45.2%,38,51.7%,15,26.9%,0,91.7%,24,80%,15,75%,19,80%,82,86%
Troy Brown,22.3,CHI,Forward,955,35,50.5%,17,47.2%,61,35.7%,0,76.2%,39,77%,69,57%,27,77%,46,95%
Jalen Brunson,25.2,DAL,Combo,2519,77,54.9%,85,54.7%,58,36.8%,59,84.0%,84,36%,81,24%,68,27%,49,81%
Thomas Bryant,24.3,WAS,Big,416,52,56.7%,78,62.9%,16,27.0%,99,87.5%,25,79%,19,76%,52,73%,24,100%
Reggie Bullock,30.6,DAL,Forward,1893,67,54.4%,64,55.0%,70,36.2%,65,83.3%,5,92%,24,71%,14,85%,27,99%
Trey Burke,29.0,DAL,Combo,351,31,47.6%,35,44.3%,49,34.9%,0,82.4%,75,42%,86,21%,87,18%,29,91%
Alec Burks,30.3,NYK,Combo,2309,48,50.0%,10,37.7%,84,40.5%,50,82.1%,37,61%,26,53%,40,37%,63,75%
Jared Butler,21.2,UTA,Combo,266,36,48.6%,89,55.8%,18,30.2%,0,77.8%,94,33%,66,33%,94,13%,99,47%
Jimmy Butler,32.1,MIA,Forward,1926,28,49.7%,39,51.8%,9,24.1%,87,87.1%,96,41%,84,49%,97,25%,93,78%
Kentavious Caldwell-Pope,28.7,WAS,Wing,2326,52,53.3%,30,47.9%,80,39.3%,95,89.0%,48,75%,28,71%,52,56%,54,91%
Facundo Campazzo,30.6,DEN,Point,1098,26,47.3%,32,45.5%,30,32.1%,33,76.6%,14,58%,20,41%,20,31%,34,75%
Vlatko Cancar,24.6,DEN,Big,163,80,62.5%,35,55.2%,0,54.5%,0,60.0%,1,95%,0,100%,86,50%,24,100%
Devin Cannady,25.4,ORL,Combo,139,30,47.6%,0,0.0%,67,38.2%,0,71.4%,0,100%,0,,0,,0,100%
Clint Capela,27.5,ATL,Big,2041,76,61.5%,69,61.5%,0,,2,47.3%,41,76%,15,78%,59,67%,0,
Jevon Carter,26.1,MIL,Combo,325,100,70.3%,60,50.0%,100,57.1%,0,100.0%,47,57%,17,60%,87,18%,63,75%
Jevon Carter,26.1,BKN,Combo,472,23,45.4%,5,30.3%,38,33.3%,0,62.5%,15,76%,0,,7,70%,57,78%
Wendell Carter,22.5,ORL,Big,1848,60,57.9%,71,61.6%,46,33.0%,34,69.1%,72,69%,75,59%,66,64%,24,100%
Alex Caruso,27.7,CHI,Combo,1136,38,48.8%,41,45.7%,47,34.7%,34,79.5%,18,72%,11,64%,32,41%,21,93%
Willie Cauley-Stein,28.2,DAL,Big,170,4,47.1%,4,45.5%,0,50.0%,0,50.0%,18,81%,9,83%,59,67%,24,100%
Justin Champagnie,20.3,TOR,Wing,227,29,50.0%,31,48.1%,38,35.0%,0,100.0%,46,75%,54,58%,2,100%,1,100%
Chris Chiozza,25.9,GSW,Combo,307,6,35.5%,2,20.8%,12,28.3%,0,66.7%,19,72%,97,0%,71,25%,24,92%
Marquese Chriss,24.3,DAL,Big,278,32,53.8%,16,51.7%,95,43.8%,0,76.2%,7,87%,8,85%,25,86%,24,100%
Josh Christopher,19.9,HOU,Combo,1195,65,52.3%,87,55.0%,26,31.6%,16,73.1%,52,53%,40,47%,57,33%,43,84%
Gary Clark,27.0,NOP,Big,314,29,53.3%,1,25.0%,88,40.7%,0,70.0%,0,96%,0,100%,59,67%,24,100%
Brandon Clarke,25.1,MEM,Big,1188,89,65.2%,89,66.2%,11,25.0%,19,62.9%,64,71%,58,66%,41,78%,24,100%
Jordan Clarkson,29.4,UTA,Combo,2109,53,50.6%,78,53.1%,32,32.0%,54,82.8%,79,40%,83,23%,81,21%,77,67%
Nicolas Claxton,22.5,BKN,Big,940,95,68.7%,94,68.7%,0,,11,59.6%,50,74%,25,74%,52,73%,0,
Amir Coffey,24.4,LAC,Wing,1472,76,56.0%,72,54.4%,68,38.2%,86,87.3%,41,76%,32,68%,69,48%,47,93%
John Collins,24.1,ATL,Big,1662,55,57.2%,59,59.0%,68,36.4%,80,79.3%,15,83%,10,82%,49,74%,69,98%
Zach Collins,24.0,SAS,Big,482,26,53.0%,29,54.1%,48,33.3%,77,78.7%,23,79%,29,73%,45,77%,24,100%
Mike Conley,34.1,UTA,Point,2056,86,54.5%,42,46.5%,94,41.3%,42,79.6%,58,39%,60,29%,40,24%,74,52%
Pat Connaughton,28.8,MIL,Wing,1655,93,60.2%,99,64.2%,77,39.1%,58,83.3%,11,90%,9,82%,33,69%,35,96%
Tyler Cook,24.1,CHI,Big,188,85,63.9%,81,63.9%,0,,20,63.3%,27,78%,12,80%,59,67%,0,
DeMarcus Cousins,31.2,MIL,Big,286,25,52.6%,65,60.9%,17,27.1%,85,81.6%,22,80%,31,72%,28,83%,24,100%
DeMarcus Cousins,31.2,DEN,Big,424,17,51.3%,18,52.3%,44,32.9%,52,73.3%,84,63%,95,49%,77,56%,24,100%
Robert Covington,30.9,LAC,Forward,478,100,68.1%,85,60.0%,100,48.0%,74,84.4%,19,82%,9,80%,79,40%,78,88%
Robert Covington,30.9,POR,Forward,1425,33,50.1%,14,46.2%,51,34.6%,65,83.3%,18,83%,55,61%,43,64%,40,96%
Torrey Craig,30.9,IND,Forward,1013,74,55.0%,74,57.4%,50,34.6%,48,77.1%,60,71%,66,58%,66,50%,31,98%
Torrey Craig,30.9,PHX,Forward,521,80,55.6%,94,63.8%,38,33.3%,0,61.5%,44,75%,64,58%,36,69%,64,93%
Jae Crowder,31.3,PHX,Forward,1884,41,51.8%,28,50.0%,56,35.0%,53,78.9%,9,89%,15,75%,12,86%,63,93%
Jarrett Culver,22.7,MEM,Combo,201,8,38.7%,11,37.8%,11,26.9%,0,33.3%,67,46%,51,42%,83,20%,70,71%
Cade Cunningham,20.1,DET,Wing,2082,14,47.0%,22,47.2%,22,31.6%,70,84.3%,99,36%,95,24%,96,23%,92,72%
Seth Curry,31.2,BKN,Wing,568,100,63.3%,61,52.9%,99,47.2%,0,85.7%,60,69%,92,33%,77,43%,51,91%
Seth Curry,31.2,PHI,Combo,1564,91,57.9%,90,56.1%,78,39.9%,88,87.5%,39,60%,37,48%,23,48%,57,78%
Stephen Curry,33.6,GSW,Point,2203,90,55.5%,84,52.7%,77,38.3%,97,92.2%,32,48%,24,38%,8,36%,70,57%
Anthony Davis,28.6,LAL,Big,1402,36,54.3%,48,57.2%,4,18.6%,41,71.1%,79,65%,40,70%,81,54%,94,85%
Ed Davis,32.4,CLE,Big,158,87,64.3%,84,64.3%,0,,0,42.9%,77,67%,68,63%,1,100%,0,
Terence Davis,24.5,SAC,Wing,517,33,51.0%,65,53.5%,27,32.6%,73,84.6%,64,68%,49,62%,74,44%,83,81%
DeMar DeRozan,32.2,CHI,Forward,2737,46,52.4%,45,52.0%,72,36.5%,90,87.7%,99,26%,97,32%,99,18%,72,90%
Dewayne Dedmon,32.2,MIA,Big,1057,75,60.7%,60,59.4%,97,45.2%,54,74.0%,49,75%,46,68%,28,83%,78,95%
Donte DiVincenzo,24.8,MIL,Combo,327,13,43.1%,25,42.9%,13,28.8%,0,84.0%,27,65%,16,62%,35,40%,66,74%
Donte DiVincenzo,24.8,SAC,Combo,660,37,48.6%,8,35.1%,61,37.1%,57,83.9%,20,72%,53,41%,27,44%,37,87%
Mamadi Diakite,24.8,OKC,Big,181,37,54.3%,66,61.0%,0,0.0%,0,54.5%,14,84%,2,93%,53,73%,0,
Hamidou Diallo,23.3,DET,Wing,1248,38,51.6%,77,54.7%,7,24.1%,5,65.0%,83,55%,68,53%,61,50%,39,95%
Gorgui Dieng,31.8,ATL,Big,302,66,58.8%,15,51.5%,93,42.6%,0,78.9%,4,92%,33,71%,16,90%,24,100%
Spencer Dinwiddie,28.6,WAS,Point,1330,20,45.1%,20,43.2%,23,31.4%,44,81.0%,78,28%,80,18%,80,13%,80,50%
Spencer Dinwiddie,28.6,DAL,Wing,649,87,58.3%,83,56.8%,86,40.8%,20,72.5%,98,39%,94,32%,98,22%,98,60%
Luka Doncic,22.7,DAL,Point,2299,76,53.0%,82,52.7%,55,35.3%,17,74.4%,100,14%,82,17%,92,7%,100,22%
Luguentz Dort,22.5,OKC,Wing,1664,27,49.6%,39,48.9%,29,33.3%,68,84.1%,69,66%,80,47%,55,53%,68,88%
Ayo Dosunmu,21.8,CHI,Combo,2020,92,58.5%,96,60.2%,60,37.0%,9,66.7%,22,69%,25,54%,8,67%,0,100%
PJ Dozier,25.0,DEN,Forward,332,7,43.8%,4,41.2%,24,31.1%,0,76.9%,88,54%,94,36%,94,30%,82,86%
Goran Dragic,35.5,BKN,Combo,396,21,45.0%,49,47.7%,9,26.1%,0,71.4%,80,40%,78,25%,94,13%,27,92%
Andre Drummond,28.2,BKN,Big,534,76,61.3%,68,61.3%,0,,6,53.1%,80,65%,62,65%,65,64%,0,
Andre Drummond,28.2,PHI,Big,894,36,54.3%,30,54.3%,0,0.0%,5,50.0%,94,54%,86,55%,86,50%,0,
Chris Duarte,24.4,IND,Wing,1527,39,51.6%,27,47.7%,69,38.3%,54,81.3%,80,59%,53,59%,82,36%,85,78%
David Duke,22.1,BKN,Wing,295,4,40.6%,14,44.1%,5,22.6%,0,81.3%,66,67%,54,58%,61,50%,1,100%
Kris Dunn,27.6,POR,Forward,335,6,43.6%,18,47.3%,0,9.1%,0,94.4%,100,16%,99,20%,100,9%,0,100%
Kevin Durant,33.1,BKN,Forward,2047,86,57.3%,71,56.9%,82,38.7%,98,91.0%,90,51%,48,63%,72,46%,99,56%
Anthony Edwards,20.2,MIN,Wing,2459,51,53.1%,58,52.2%,42,35.9%,37,78.6%,94,44%,90,39%,90,28%,100,55%
Kessler Edwards,21.2,BKN,Forward,920,38,50.8%,20,47.5%,69,36.1%,0,82.4%,24,80%,27,70%,59,57%,0,100%
CJ Elleby,21.4,POR,Wing,1065,8,45.1%,19,46.1%,11,29.1%,8,68.4%,50,74%,44,64%,44,60%,1,100%
Wayne Ellington,33.9,LAL,Wing,745,83,57.4%,97,63.6%,67,38.1%,0,81.8%,1,95%,4,88%,15,83%,28,97%
Joel Embiid,27.6,PHI,Big,2295,28,53.3%,21,52.9%,77,37.3%,84,81.4%,95,54%,77,58%,91,45%,98,71%
Drew Eubanks,24.7,POR,Big,632,91,65.5%,92,67.9%,0,21.4%,83,80.0%,44,76%,53,67%,24,86%,24,100%
Drew Eubanks,24.7,SAS,Big,557,31,53.6%,38,55.6%,0,12.5%,81,79.3%,30,78%,35,71%,18,89%,24,100%
Derrick Favors,30.3,OKC,Big,652,22,52.2%,36,55.4%,1,12.5%,0,64.0%,13,84%,21,76%,15,91%,24,100%
Dorian Finney-Smith,28.5,DAL,Forward,2638,93,59.7%,84,59.8%,88,39.7%,13,66.7%,11,88%,10,78%,37,67%,28,98%
Malachi Flynn,23.5,TOR,Combo,480,64,51.9%,40,44.7%,79,40.0%,0,65.2%,64,47%,93,18%,75,24%,51,80%
Bryn Forbes,28.3,SAS,Wing,649,48,52.8%,12,43.6%,88,41.0%,94,88.9%,28,84%,45,64%,24,76%,41,95%
Bryn Forbes,28.3,DEN,Combo,590,72,53.4%,24,42.6%,83,40.4%,97,92.1%,4,86%,5,80%,12,66%,18,98%
Trent Forrest,23.4,UTA,Wing,695,34,51.0%,80,55.4%,1,18.2%,33,77.3%,100,24%,97,15%,94,24%,1,100%
Evan Fournier,29.0,NYK,Wing,2357,61,54.4%,20,46.5%,78,39.1%,14,70.8%,53,72%,86,42%,60,51%,65,88%
De'Aaron Fox,23.9,SAC,Point,2074,58,50.8%,80,52.4%,17,30.2%,19,74.6%,84,26%,66,27%,62,17%,72,55%
Tim Frazier,31.0,ORL,Point,199,2,37.2%,2,26.9%,57,35.3%,0,55.6%,18,54%,38,33%,34,25%,26,83%
Melvin Frazier Jr.,25.2,OKC,Combo,119,1,28.1%,36,44.4%,0,4.8%,0,71.4%,13,77%,7,73%,1,100%,0,100%
Markelle Fultz,23.4,ORL,Combo,356,44,49.7%,63,50.3%,0,28.6%,43,80.6%,100,19%,85,22%,96,13%,96,50%
Wenyen Gabriel,24.6,LAL,Forward,291,57,53.4%,82,58.8%,8,23.8%,3,60.6%,81,62%,79,51%,2,100%,0,100%
Daniel Gafford,23.1,WAS,Big,1427,97,69.5%,96,69.5%,0,,35,69.3%,52,73%,32,72%,24,86%,0,
Danilo Gallinari,33.2,ATL,Forward,1657,52,52.8%,22,48.6%,79,38.1%,97,90.3%,70,67%,53,61%,83,39%,65,93%
Darius Garland,21.8,CLE,Point,2424,80,53.6%,72,51.3%,72,38.0%,92,89.1%,68,33%,54,30%,44,24%,84,48%
Marcus Garrett,23.0,MIA,Combo,121,0,23.7%,1,20.0%,0,25.0%,0,66.7%,16,75%,3,100%,98,0%,0,100%
Usman Garuba,19.6,HOU,Big,165,64,58.3%,85,64.7%,0,28.6%,0,71.4%,88,62%,87,55%,0,,24,100%
Luka Garza,22.8,DET,Big,332,11,49.6%,11,49.4%,48,33.3%,11,60.0%,91,60%,91,52%,95,36%,24,100%
Rudy Gay,35.2,UTA,Big,1021,18,51.4%,12,50.3%,59,34.7%,74,77.9%,68,69%,98,44%,76,56%,85,93%
Paul George,31.5,LAC,Forward,1073,24,49.2%,15,46.4%,65,35.8%,82,85.8%,98,31%,100,18%,96,25%,100,48%
Taj Gibson,36.4,NYK,Big,939,54,57.1%,38,55.6%,91,41.7%,86,82.0%,49,74%,69,62%,32,83%,24,100%
Josh Giddey,19.1,OKC,Wing,1693,10,46.5%,43,49.6%,8,26.4%,15,70.9%,96,41%,89,39%,97,22%,79,82%
Shai Gilgeous-Alexander,23.3,OKC,Point,1941,48,49.9%,74,51.5%,21,30.6%,47,81.0%,96,17%,84,16%,86,11%,94,30%
Anthony Gill,29.0,WAS,Big,405,74,60.5%,46,56.9%,99,47.8%,68,77.3%,12,85%,26,74%,19,89%,24,100%
Freddie Gillespie,24.4,ORL,Big,118,1,40.9%,2,42.9%,0,0.0%,0,42.9%,30,78%,0,100%,54,71%,0,
Rudy Gobert,29.3,UTA,Big,2116,98,71.4%,98,71.7%,0,0.0%,32,68.9%,55,72%,28,73%,70,61%,0,
Brandon Goodwin,26.1,CLE,Point,472,36,48.6%,24,43.8%,68,37.3%,0,59.4%,54,40%,32,36%,70,14%,60,63%
Aaron Gordon,26.1,DEN,Forward,2373,87,57.5%,86,60.6%,45,33.7%,37,74.6%,69,67%,35,68%,76,44%,81,86%
Eric Gordon,32.9,HOU,Wing,1669,89,58.7%,79,55.0%,89,41.2%,34,77.4%,88,51%,91,34%,84,33%,91,72%
Devonte' Graham,26.7,NOP,Point,2147,40,48.6%,14,41.4%,53,34.5%,56,84.1%,12,60%,58,29%,16,32%,36,75%
Jerami Grant,27.6,DET,Big,1496,12,49.7%,6,46.5%,71,37.0%,91,83.7%,83,64%,78,58%,94,41%,74,97%
Hassani Gravett,25.3,ORL,Combo,170,98,63.5%,95,58.3%,95,44.0%,0,75.0%,36,61%,97,0%,18,50%,67,73%
Danny Green,34.4,PHI,Wing,1346,71,55.6%,18,45.8%,66,38.1%,0,78.6%,8,91%,13,80%,2,100%,50,92%
Draymond Green,31.7,GSW,Big,1328,49,56.5%,56,58.6%,39,32.0%,26,65.9%,48,75%,27,73%,58,68%,24,100%
JaMychal Green,31.4,DEN,Big,1048,33,54.0%,66,60.9%,19,28.1%,97,86.8%,45,76%,45,68%,49,74%,24,100%
Jalen Green,19.7,HOU,Combo,2116,56,51.1%,64,50.4%,46,34.5%,40,79.9%,53,53%,43,44%,30,42%,80,66%
Javonte Green,28.3,CHI,Forward,1506,96,59.8%,91,62.4%,67,36.0%,65,83.3%,46,75%,36,67%,19,80%,0,100%
Jeff Green,35.2,DEN,Big,1834,56,57.5%,75,62.1%,34,31.5%,89,82.8%,11,85%,4,90%,74,59%,71,98%
Josh Green,21.0,DAL,Wing,928,82,57.3%,87,57.5%,62,37.8%,16,71.1%,23,86%,7,84%,29,71%,1,100%
Blake Griffin,32.6,BKN,Big,936,6,48.3%,51,57.9%,10,24.6%,50,73.0%,63,71%,63,64%,84,53%,81,94%
Quentin Grimes,21.5,NYK,Wing,750,67,54.9%,52,51.2%,58,37.2%,0,80.0%,18,87%,70,50%,25,75%,37,96%
Kyle Guy,24.2,MIA,Combo,148,93,58.7%,74,52.4%,87,41.9%,0,80.0%,32,63%,89,20%,9,67%,61,77%
Rui Hachimura,23.7,WAS,Forward,917,83,56.5%,37,51.6%,99,44.3%,24,69.2%,56,72%,45,64%,60,57%,29,98%
Tyrese Haliburton,21.7,IND,Combo,937,95,60.4%,94,57.1%,92,43.5%,66,84.9%,74,43%,34,49%,71,25%,92,58%
Tyrese Haliburton,21.7,SAC,Combo,1750,82,55.3%,55,48.9%,86,41.8%,76,85.7%,83,37%,73,28%,80,21%,89,59%
R.J. Hampton,20.7,ORL,Combo,1325,25,45.7%,17,40.0%,53,35.9%,6,63.4%,48,55%,74,27%,29,43%,26,92%
Tim Hardaway Jr.,29.6,DAL,Wing,1234,28,49.6%,24,47.3%,32,34.0%,32,76.8%,50,74%,22,74%,41,63%,81,81%
James Harden,32.2,PHI,Point,787,38,48.6%,52,47.6%,38,33.1%,89,89.0%,74,29%,72,24%,6,36%,92,30%
James Harden,32.2,BKN,Point,1626,42,48.9%,54,47.6%,40,33.2%,75,86.9%,92,19%,78,18%,78,13%,96,24%
Maurice Harkless,28.5,SAC,Forward,863,73,54.7%,95,65.0%,23,31.0%,0,72.0%,13,87%,6,84%,62,56%,0,100%
Montrezl Harrell,27.8,WAS,Big,1089,91,65.5%,91,66.3%,0,25.0%,49,72.7%,82,64%,49,68%,85,51%,24,100%
Montrezl Harrell,27.8,CHA,Big,506,88,64.4%,85,64.4%,0,,29,68.6%,75,68%,36,71%,90,46%,0,
Gary Harris,27.1,ORL,Wing,1729,57,53.9%,42,49.4%,71,38.4%,87,87.4%,43,75%,54,58%,46,60%,48,93%
Joe Harris,30.2,BKN,Wing,422,99,62.7%,11,42.9%,98,47.1%,0,83.3%,0,96%,0,100%,25,75%,1,100%
Tobias Harris,29.3,PHI,Forward,2541,56,53.3%,50,52.4%,75,37.3%,73,84.2%,89,54%,72,56%,93,33%,74,89%
Josh Hart,26.7,NOP,Wing,1368,74,55.9%,90,59.8%,25,32.0%,29,76.2%,82,58%,78,49%,51,57%,66,88%
Josh Hart,26.7,POR,Combo,415,94,59.4%,97,61.0%,65,37.8%,26,78.2%,68,46%,63,37%,25,47%,91,58%
Isaiah Hartenstein,23.5,LAC,Big,1118,82,63.0%,81,64.1%,37,31.8%,32,69.0%,38,77%,37,70%,21,88%,24,100%
Jaxson Hayes,21.4,NOP,Big,1347,85,63.6%,88,65.9%,38,31.9%,65,76.0%,32,78%,17,77%,49,74%,82,93%
Killian Hayes,20.3,DET,Point,1619,16,44.0%,34,45.5%,6,27.0%,36,77.0%,28,49%,30,37%,18,32%,10,93%
Gordon Hayward,31.6,CHA,Wing,1561,49,52.8%,44,49.6%,76,39.1%,72,84.6%,65,67%,43,64%,58,52%,71,87%
Juan Hernangomez,26.1,UTA,Big,270,80,62.5%,65,60.9%,92,42.2%,0,47.1%,1,94%,8,85%,1,100%,24,100%
Willy Hernangomez,27.4,NOP,Big,772,16,51.2%,15,51.4%,0,30.0%,74,78.0%,59,71%,52,67%,33,82%,24,100%
Tyler Herro,21.8,MIA,Combo,2109,66,52.4%,48,47.6%,80,40.0%,82,86.5%,66,46%,52,42%,62,29%,72,71%
Buddy Hield,28.9,SAC,Wing,1557,35,51.2%,9,42.1%,51,36.3%,85,87.0%,52,73%,75,49%,68,48%,76,84%
Buddy Hield,28.9,IND,Wing,924,66,54.7%,76,54.6%,53,36.4%,92,88.6%,77,61%,75,49%,86,33%,73,86%
Haywood Highsmith,24.9,MIA,Big,133,16,51.2%,1,41.2%,83,39.1%,0,0.0%,2,94%,54,67%,1,100%,24,100%
George Hill,35.5,MIL,Combo,1235,59,51.3%,84,54.7%,30,31.8%,96,91.4%,33,62%,36,48%,50,33%,23,93%
Malcolm Hill,26.0,CHI,Forward,157,88,57.5%,96,66.7%,63,35.7%,0,66.7%,51,72%,95,33%,19,80%,90,80%
Solomon Hill,30.6,ATL,Forward,124,0,25.0%,0,16.7%,0,20.0%,0,,0,100%,0,100%,0,,0,100%
Jaylen Hoard,22.6,OKC,Wing,233,58,53.9%,66,53.8%,45,36.0%,0,42.9%,86,52%,88,40%,61,50%,61,89%
Aaron Holiday,25.1,WAS,Combo,619,60,51.5%,75,52.5%,36,32.8%,31,78.8%,69,45%,56,40%,42,36%,70,71%
Aaron Holiday,25.1,PHX,Point,310,22,45.3%,6,37.7%,100,43.3%,0,96.0%,62,38%,38,33%,42,24%,66,62%
Jrue Holiday,31.4,MIL,Point,2201,98,57.2%,96,54.7%,91,41.3%,28,76.1%,86,26%,50,32%,90,9%,88,43%
Justin Holiday,32.6,SAC,Wing,637,16,47.3%,6,36.2%,33,34.5%,0,73.7%,20,86%,26,71%,49,57%,45,94%
Justin Holiday,32.6,IND,Wing,1413,72,55.7%,54,51.6%,64,37.9%,57,82.9%,6,92%,16,77%,13,89%,30,97%
Richaun Holmes,28.0,SAC,Big,1071,92,66.1%,89,66.2%,0,40.0%,72,77.8%,45,75%,55,66%,16,90%,24,100%
Rodney Hood,29.0,MIL,Forward,527,15,45.7%,3,40.9%,29,31.9%,0,91.7%,34,78%,28,70%,66,50%,69,91%
Al Horford,35.4,BOS,Big,2003,41,54.9%,54,58.2%,53,33.8%,92,84.2%,29,78%,42,69%,62,66%,72,98%
Talen Horton-Tucker,20.9,LAL,Wing,1470,11,46.6%,36,48.7%,9,27.8%,39,79.2%,89,50%,70,50%,99,20%,83,81%
Danuel House,28.4,UTA,Wing,482,90,59.2%,46,50.0%,93,42.5%,11,70.3%,17,87%,39,65%,2,100%,29,97%
Danuel House,28.4,HOU,Forward,220,10,44.1%,1,38.5%,49,34.5%,0,88.2%,27,80%,2,90%,53,60%,90,80%
Dwight Howard,35.9,LAL,Big,950,80,62.5%,73,61.9%,0,50.0%,25,65.8%,68,69%,57,66%,1,100%,24,100%
Markus Howard,22.7,DEN,Combo,110,67,52.5%,17,40.0%,71,39.0%,0,87.5%,3,88%,10,67%,15,60%,0,100%
Kevin Huerter,23.2,ATL,Wing,2177,77,56.0%,61,53.2%,75,38.9%,44,80.0%,59,70%,33,67%,73,44%,58,91%
Elijah Hughes,23.6,POR,Forward,271,1,35.6%,2,38.9%,3,22.2%,0,75.0%,86,58%,59,60%,90,33%,95,75%
DeAndre Hunter,23.9,ATL,Forward,1575,39,51.0%,19,47.4%,78,37.9%,47,76.5%,47,74%,31,70%,48,63%,61,93%
Nah'Shon Hyland,21.1,DEN,Combo,1252,58,51.3%,45,46.6%,56,36.2%,63,84.7%,50,55%,48,44%,61,29%,74,69%
Serge Ibaka,32.1,LAC,Big,534,44,55.5%,26,53.8%,85,39.3%,38,70.4%,32,78%,73,60%,44,78%,24,100%
Serge Ibaka,32.1,MIL,Big,330,67,58.9%,70,61.5%,64,36.1%,0,80.0%,34,77%,91,52%,12,94%,24,100%
Andre Iguodala,37.8,GSW,Forward,598,17,46.6%,90,61.7%,10,24.3%,0,75.0%,48,74%,33,68%,77,43%,52,94%
Joe Ingles,34.1,UTA,Forward,1117,61,54.1%,89,61.7%,52,34.7%,0,77.3%,57,71%,73,56%,46,63%,94,77%
Brandon Ingram,24.2,NOP,Forward,1865,29,49.9%,30,50.2%,33,32.7%,60,82.6%,93,48%,85,47%,87,37%,71,90%
Kyrie Irving,29.6,BKN,Combo,1083,79,55.0%,60,50.0%,88,42.0%,94,91.3%,86,36%,71,33%,85,20%,87,59%
Frank Jackson,23.5,DET,Combo,1147,41,49.5%,75,52.5%,23,31.1%,51,82.8%,11,79%,8,69%,11,66%,20,94%
Isaiah Jackson,19.8,IND,Big,495,57,57.5%,58,59.0%,0,26.7%,29,68.0%,38,77%,22,75%,26,85%,24,100%
Jaren Jackson,22.1,MEM,Big,2112,5,47.8%,8,47.5%,42,32.4%,88,82.2%,69,69%,78,58%,79,55%,69,98%
Josh Jackson,24.7,DET,Forward,676,16,46.4%,32,50.8%,17,27.4%,26,70.6%,82,61%,74,55%,79,40%,80,86%
Josh Jackson,24.7,SAC,Forward,109,3,41.1%,12,45.2%,0,21.4%,0,71.4%,77,65%,76,55%,37,67%,0,100%
Reggie Jackson,31.5,LAC,Combo,2331,27,46.7%,34,44.0%,37,33.1%,62,84.5%,89,34%,76,27%,91,16%,88,59%
LeBron James,36.8,LAL,Big,2078,67,58.9%,74,61.9%,63,36.0%,63,75.6%,99,45%,94,49%,99,15%,98,56%
Ty Jerome,24.3,OKC,Combo,759,29,47.2%,52,48.5%,20,30.6%,37,79.5%,54,52%,50,43%,67,27%,55,79%
Isaiah Joe,22.3,PHI,Combo,518,61,51.5%,23,41.9%,54,36.0%,0,94.4%,1,92%,4,86%,18,50%,0,100%
Cameron Johnson,25.7,PHX,Forward,1670,94,59.7%,40,51.9%,97,42.9%,81,85.6%,15,86%,52,61%,18,82%,30,98%
James Johnson,34.7,BKN,Big,1139,13,50.3%,32,54.8%,11,25.0%,5,52.9%,94,56%,81,56%,98,21%,89,90%
Keldon Johnson,21.9,SAS,Forward,2390,72,54.7%,33,51.0%,90,40.3%,44,75.6%,45,75%,34,68%,52,60%,37,97%
Keon Johnson,19.6,LAC,Wing,111,3,36.5%,3,31.0%,0,37.5%,0,81.3%,29,83%,4,88%,2,100%,94,67%
Keon Johnson,19.6,POR,Combo,491,17,44.1%,12,37.9%,50,35.4%,0,73.7%,62,47%,30,50%,62,29%,94,54%
Stanley Johnson,25.4,LAL,Forward,1055,69,54.6%,79,57.7%,38,33.3%,23,69.1%,71,66%,81,50%,45,63%,55,94%
Nikola Jokic,26.7,DEN,Big,2473,79,62.3%,86,65.3%,56,34.2%,83,80.9%,86,62%,89,52%,65,64%,86,92%
Damian Jones,26.3,SAC,Big,977,94,68.2%,95,69.4%,81,38.5%,41,71.2%,21,80%,16,77%,20,89%,89,90%
Herbert Jones,23.1,NOP,Forward,2321,48,52.5%,55,53.1%,48,34.1%,69,84.0%,61,71%,59,60%,30,75%,0,100%
Tre Jones,21.8,SAS,Combo,1064,62,51.8%,82,54.3%,6,23.1%,25,77.4%,63,47%,24,54%,38,37%,57,78%
Tyus Jones,25.5,MEM,Combo,1524,70,53.2%,57,49.3%,76,39.7%,43,80.6%,57,52%,49,44%,45,35%,44,84%
Derrick Jones Jr.,24.7,CHI,Big,861,71,59.3%,78,63.1%,54,33.9%,80,79.1%,33,77%,39,70%,1,100%,24,100%
DeAndre Jordan,33.3,LAL,Big,393,92,66.3%,90,66.3%,0,,2,46.2%,24,79%,14,79%,1,100%,0,
DeAndre Jordan,33.3,PHI,Big,196,61,58.0%,52,58.0%,0,,0,71.4%,9,86%,5,86%,0,,0,
Cory Joseph,30.2,DET,Combo,1590,69,53.1%,44,46.5%,89,42.3%,93,89.1%,45,58%,27,52%,69,27%,33,89%
Georgios Kalaitzakis,22.8,OKC,Big,165,31,53.6%,21,52.9%,68,36.4%,0,47.6%,88,62%,42,69%,98,20%,96,75%
Frank Kaminsky,28.6,PHX,Big,167,80,62.5%,76,62.5%,0,41.7%,0,90.0%,35,77%,33,71%,46,75%,24,100%
Enes Kanter,29.5,BOS,Big,365,21,51.9%,22,53.2%,0,0.0%,0,88.0%,100,40%,100,29%,21,88%,0,
Luke Kennard,25.4,LAC,Wing,1893,91,59.6%,17,44.8%,97,44.8%,99,90.8%,30,83%,24,72%,39,64%,52,91%
Braxton Key,24.7,DET,Forward,190,37,50.7%,41,52.0%,26,31.6%,0,53.8%,33,78%,19,73%,2,100%,86,83%
Corey Kispert,22.7,WAS,Wing,1731,84,57.6%,94,62.4%,49,36.2%,89,87.5%,9,91%,6,86%,23,76%,22,98%
Maxi Kleber,29.8,DAL,Big,1435,19,51.6%,54,58.2%,41,32.3%,39,70.8%,2,93%,5,86%,25,86%,67,99%
Nathan Knight,24.1,MIN,Big,179,26,53.2%,25,53.7%,0,33.3%,0,62.5%,57,72%,42,69%,59,67%,24,100%
John Konchar,25.6,MEM,Wing,1135,97,61.8%,93,61.1%,91,41.7%,0,55.1%,56,70%,69,51%,22,77%,55,91%
Furkan Korkmaz,24.3,PHI,Wing,1342,20,48.0%,56,52.0%,14,29.7%,42,79.7%,71,66%,63,55%,71,46%,72,86%
Vit Krejci,21.4,OKC,Forward,670,53,53.2%,60,54.5%,54,34.8%,0,85.0%,52,72%,44,64%,88,36%,70,91%
Jonathan Kuminga,19.1,GSW,Big,1072,45,55.6%,61,59.4%,32,31.2%,36,70.0%,73,68%,69,62%,78,56%,24,100%
Kyle Kuzma,26.3,WAS,Big,2203,24,52.3%,19,52.7%,57,34.4%,42,71.2%,89,61%,89,53%,91,45%,92,88%
Zach LaVine,26.6,CHI,Wing,2322,72,55.6%,63,53.4%,82,39.3%,78,85.3%,95,42%,82,46%,100,16%,99,57%
Jeremy Lamb,29.4,SAC,Wing,317,17,47.4%,33,48.5%,16,30.6%,73,84.6%,93,45%,83,46%,87,32%,97,60%
Jeremy Lamb,29.4,IND,Wing,577,23,48.3%,10,42.2%,39,35.2%,65,83.8%,79,60%,45,64%,93,25%,61,89%
Jock Landale,26.0,SAS,Big,513,38,54.7%,64,60.8%,33,31.3%,90,83.3%,28,78%,31,73%,80,55%,24,100%
Romeo Langford,22.0,BOS,Wing,672,26,49.1%,38,48.9%,24,31.9%,1,59.4%,38,80%,41,64%,15,83%,36,96%
Jake Layman,27.7,MIN,Forward,118,68,54.4%,100,77.8%,1,18.8%,0,88.9%,61,71%,76,55%,2,100%,0,100%
Caris LeVert,27.2,IND,Combo,1213,42,49.6%,62,50.1%,34,32.3%,21,76.0%,85,36%,57,40%,79,21%,93,57%
Caris LeVert,27.2,CLE,Wing,566,21,48.1%,33,48.5%,20,31.3%,25,74.5%,94,43%,86,42%,94,24%,82,81%
Damion Lee,29.0,GSW,Wing,1157,53,53.3%,75,54.6%,35,34.7%,97,90.5%,21,86%,17,77%,17,80%,19,98%
Saben Lee,22.4,DET,Point,553,10,42.3%,30,44.9%,0,25.0%,67,85.0%,20,53%,12,46%,2,43%,28,79%
Alex Len,28.4,SAC,Big,616,40,54.9%,44,56.5%,22,28.6%,23,65.1%,26,78%,38,70%,16,90%,24,100%
Kira Lewis Jr.,20.6,NOP,Point,301,28,47.6%,78,51.9%,9,27.1%,0,88.9%,16,57%,2,56%,4,38%,20,85%
Damian Lillard,31.3,POR,Point,1054,46,49.8%,62,48.5%,34,32.5%,86,87.8%,70,30%,88,14%,28,27%,86,45%
Nassir Little,21.7,POR,Forward,1050,63,54.2%,76,57.5%,44,33.6%,31,72.2%,37,77%,23,71%,55,59%,56,94%
Isaiah Livers,23.3,DET,Wing,381,95,60.6%,66,53.8%,92,42.2%,0,85.7%,26,85%,61,56%,17,80%,32,96%
Kevon Looney,25.7,GSW,Big,1729,54,57.1%,48,57.3%,0,0.0%,11,60.0%,52,74%,35,71%,27,84%,0,
Brook Lopez,33.6,MIL,Big,293,32,53.8%,26,53.8%,62,35.8%,0,87.0%,25,79%,48,68%,21,88%,78,95%
Robin Lopez,33.6,ORL,Big,592,43,55.3%,36,55.4%,0,33.3%,16,61.2%,96,51%,99,40%,74,59%,24,100%
Didi Louzada,22.3,POR,Combo,120,88,56.9%,4,30.0%,98,47.4%,0,100.0%,6,83%,97,0%,18,50%,0,100%
Kevin Love,33.1,CLE,Big,1662,44,55.3%,11,49.3%,84,39.2%,93,84.3%,29,78%,87,55%,72,59%,82,94%
Kyle Lowry,35.6,MIA,Point,2136,92,56.2%,92,54.1%,74,38.1%,64,85.0%,30,48%,52,32%,26,28%,58,65%
Timothe Luwawu-Cabarrot,26.5,ATL,Wing,615,45,52.5%,46,50.0%,42,35.8%,76,84.8%,13,89%,20,75%,61,50%,1,100%
Trey Lyles,26.0,SAC,Big,542,46,55.6%,39,55.7%,74,37.1%,94,85.1%,55,72%,62,65%,86,50%,24,100%
Trey Lyles,26.0,DET,Big,982,19,51.6%,33,54.9%,28,30.6%,75,78.1%,66,70%,72,60%,75,57%,24,100%
Theo Maledon,20.4,OKC,Combo,873,18,44.2%,33,43.9%,19,30.2%,29,78.7%,34,61%,62,39%,18,50%,36,88%
Sandro Mamukelashvili,22.4,MIL,Big,325,35,54.3%,24,53.6%,69,36.8%,0,85.7%,46,75%,73,60%,36,80%,24,100%
Terance Mann,25.0,LAC,Combo,2250,75,54.0%,77,53.0%,63,37.7%,28,78.4%,40,59%,21,57%,31,41%,38,86%
Tre Mann,20.7,OKC,Combo,1326,32,47.8%,25,42.9%,51,35.5%,49,81.8%,70,45%,58,40%,76,24%,75,67%
Boban Marjanovic,33.2,DAL,Big,104,73,60.3%,69,61.4%,0,0.0%,0,56.3%,35,77%,9,83%,56,71%,0,
Lauri Markkanen,24.4,CLE,Forward,1874,70,54.6%,63,55.0%,66,36.0%,85,87.1%,21,82%,22,71%,49,62%,22,99%
Naji Marshall,23.8,NOP,Wing,629,6,43.3%,69,54.0%,0,17.1%,44,80.0%,73,63%,41,64%,57,52%,89,77%
Caleb Martin,26.1,MIA,Forward,1303,91,59.2%,68,56.8%,94,42.1%,50,78.3%,59,71%,54,61%,41,65%,62,93%
Cody Martin,26.1,CHA,Wing,1810,78,56.0%,74,54.4%,74,38.9%,10,70.1%,54,71%,39,65%,47,59%,64,89%
Kelan Martin,26.2,IND,Forward,412,26,49.4%,47,52.3%,22,30.6%,0,69.2%,36,78%,36,67%,37,67%,0,100%
Kenyon Martin Jr.,20.8,HOU,Forward,1547,90,58.1%,88,60.7%,57,35.0%,6,61.7%,28,80%,18,74%,30,75%,0,100%
Garrison Mathews,25.0,HOU,Wing,1668,68,55.1%,89,59.5%,47,36.1%,44,80.0%,6,92%,25,72%,2,100%,26,98%
Wesley Matthews,35.0,MIL,Wing,986,37,51.4%,62,53.2%,31,33.5%,0,75.0%,22,86%,17,77%,89,29%,24,98%
Tyrese Maxey,21.0,PHI,Combo,2637,84,55.8%,69,51.2%,94,43.8%,85,87.1%,55,52%,35,48%,34,40%,69,72%
Skylar Mays,24.2,ATL,Combo,166,83,55.8%,98,64.5%,31,31.8%,0,100.0%,42,59%,30,50%,71,25%,0,100%
Miles McBride,21.1,NYK,Point,324,8,41.2%,44,46.7%,2,25.5%,0,50.0%,34,46%,68,25%,64,17%,46,71%
CJ McCollum,30.1,NOP,Combo,878,87,56.4%,86,54.9%,73,39.4%,9,66.7%,81,39%,77,26%,60,30%,81,66%
CJ McCollum,30.1,POR,Wing,1261,41,52.0%,28,47.7%,70,38.4%,9,69.7%,97,39%,96,21%,95,23%,94,66%
TJ McConnell,29.6,IND,Point,637,64,51.3%,76,51.5%,43,33.3%,0,81.0%,66,33%,28,37%,60,17%,14,90%
Jaden McDaniels,21.1,MIN,Forward,1771,66,54.4%,80,58.3%,35,33.1%,58,81.2%,23,81%,13,77%,51,62%,26,99%
Jalen McDaniels,23.8,CHA,Wing,829,75,55.9%,68,54.0%,75,39.0%,22,72.7%,44,75%,50,62%,39,64%,1,100%
Doug McDermott,29.8,SAS,Forward,1220,89,57.7%,31,50.7%,95,42.2%,52,78.4%,4,92%,5,84%,10,88%,23,99%
JaVale McGee,33.8,PHX,Big,1152,84,63.1%,79,63.4%,0,25.0%,35,69.7%,70,69%,56,66%,48,75%,24,100%
Rodney McGruder,30.3,DET,Wing,703,86,58.3%,53,51.3%,90,41.2%,0,75.0%,19,86%,37,65%,30,69%,1,100%
Alfonzo McKinnie,29.1,CHI,Forward,184,19,47.1%,10,44.4%,38,33.3%,0,25.0%,16,85%,36,67%,2,100%,0,100%
Jordan McLaughlin,25.6,MIN,Point,822,72,52.0%,90,53.4%,43,33.3%,14,74.3%,10,60%,6,50%,0,47%,24,84%
Ben McLemore,28.7,POR,Wing,1225,65,54.6%,57,52.1%,57,36.9%,52,81.2%,5,93%,6,87%,20,79%,31,97%
De'Anthony Melton,23.4,MEM,Combo,1612,55,50.7%,29,43.5%,66,38.1%,19,74.1%,25,66%,22,57%,39,37%,40,85%
Chimezie Metu,24.6,SAC,Big,1239,15,51.1%,37,55.5%,27,30.1%,71,77.5%,19,81%,6,86%,71,61%,76,96%
Khris Middleton,30.2,MIL,Forward,2133,45,52.3%,27,49.4%,76,37.4%,92,89.0%,95,44%,91,42%,95,29%,96,63%
Patty Mills,33.2,BKN,Combo,2310,81,55.2%,28,43.0%,81,40.1%,46,81.4%,8,83%,9,68%,16,59%,24,92%
Paul Millsap,36.7,BKN,Big,262,1,41.5%,2,43.9%,8,24.0%,0,70.6%,92,58%,98,44%,76,57%,24,100%
Shake Milton,25.1,PHI,Combo,1105,45,49.7%,59,49.8%,35,32.8%,56,83.3%,58,52%,64,36%,37,39%,19,95%
Davion Mitchell,23.2,SAC,Combo,2019,33,47.9%,50,47.7%,33,32.1%,7,65.5%,87,35%,80,25%,78,22%,79,66%
Donovan Mitchell,25.1,UTA,Combo,2263,73,53.5%,79,53.3%,52,35.7%,69,85.3%,97,29%,87,20%,92,15%,98,48%
Evan Mobley,20.4,CLE,Big,2322,23,52.3%,28,54.0%,13,25.3%,26,65.9%,76,67%,34,71%,79,55%,78,96%
Malik Monk,23.7,LAL,Combo,2096,90,57.7%,92,56.6%,72,39.2%,35,79.5%,24,67%,15,62%,56,33%,41,84%
Moses Moody,19.4,GSW,Wing,513,69,55.3%,59,52.5%,65,38.0%,41,79.3%,15,88%,15,79%,49,57%,1,100%
Xavier Moon,26.8,LAC,Point,125,60,51.0%,86,52.8%,0,30.8%,0,60.0%,88,26%,96,0%,58,18%,38,75%
Ja Morant,22.2,MEM,Point,1881,78,53.0%,88,53.4%,51,34.3%,31,76.1%,76,28%,46,33%,84,12%,82,49%
Marcus Morris,32.2,LAC,Big,1563,15,51.2%,9,47.8%,76,37.3%,98,87.2%,95,52%,84,56%,96,29%,88,90%
Markieff Morris,32.2,MIA,Big,286,34,54.1%,43,56.2%,48,33.3%,0,88.9%,86,62%,54,67%,94,42%,24,100%
Monte Morris,26.3,DEN,Point,2234,94,56.4%,94,54.6%,85,39.4%,78,86.9%,6,62%,0,63%,12,35%,8,93%
Mychal Mulder,27.4,ORL,Combo,171,11,41.7%,9,36.8%,14,29.3%,0,100.0%,5,84%,17,60%,18,50%,0,100%
Trey Murphy III,21.4,NOP,Forward,762,30,50.0%,9,43.2%,58,35.3%,89,87.5%,29,79%,89,44%,19,80%,39,96%
Dejounte Murray,25.1,SAS,Point,2364,50,50.0%,68,50.4%,36,32.5%,39,79.6%,80,27%,62,28%,82,12%,48,71%
Mike Muscala,30.3,OKC,Big,588,74,60.4%,14,51.2%,94,43.2%,92,84.2%,3,93%,25,74%,14,94%,24,100%
Sviatoslav Mykhailiuk,24.4,TOR,Wing,659,19,47.8%,51,51.1%,13,29.6%,91,88.2%,55,71%,52,59%,74,44%,44,94%
Abdel Nader,28.1,PHX,Wing,127,9,46.2%,5,35.3%,0,44.4%,0,50.0%,58,70%,70,50%,0,,1,100%
Larry Nance Jr.,28.8,NOP,Big,176,83,63.0%,58,59.0%,0,57.1%,0,100.0%,16,81%,18,76%,1,100%,24,100%
Larry Nance Jr.,28.8,POR,Big,841,52,56.8%,68,61.2%,31,31.0%,22,64.6%,56,72%,71,61%,35,81%,24,100%
Aaron Nesmith,22.0,BOS,Wing,440,6,42.1%,91,60.5%,3,21.4%,0,78.6%,14,89%,29,71%,2,100%,1,100%
Raul Neto,29.5,WAS,Combo,1315,54,50.6%,76,52.6%,15,30.0%,22,76.3%,78,41%,54,40%,62,29%,67,73%
Georges Niang,28.4,PHI,Big,1683,61,57.9%,14,51.2%,87,40.5%,96,86.5%,5,88%,36,71%,54,72%,72,98%
Daishen Nix,19.7,HOU,Point,210,44,49.0%,50,47.1%,57,35.3%,0,52.2%,22,50%,10,47%,94,0%,52,67%
Zeke Nnaji,20.8,DEN,Big,625,71,59.9%,44,56.7%,94,43.1%,14,61.1%,60,71%,82,56%,54,71%,76,96%
Nerlens Noel,27.6,NYK,Big,554,34,54.2%,42,56.1%,0,0.0%,36,70.0%,46,75%,26,74%,46,77%,0,
Jaylen Nowell,22.3,MIN,Combo,888,89,57.2%,80,53.3%,90,42.3%,32,79.1%,49,55%,29,51%,41,37%,53,79%
Frank Ntilikina,23.3,DAL,Wing,592,18,47.6%,7,40.4%,48,36.1%,0,95.8%,51,73%,94,30%,30,69%,63,89%
Jusuf Nurkic,27.2,POR,Big,1574,39,54.7%,41,56.1%,15,26.8%,33,69.0%,84,64%,54,67%,86,50%,82,93%
David Nwaba,28.8,HOU,Forward,507,44,52.1%,56,53.8%,26,31.6%,32,72.9%,78,63%,71,56%,66,50%,0,100%
Jordan Nwora,23.1,MIL,Wing,1054,32,50.9%,28,47.7%,46,36.0%,82,86.7%,61,69%,39,65%,48,58%,87,77%
Royce O'Neale,28.4,UTA,Wing,2399,92,59.9%,92,60.9%,81,39.3%,49,80.4%,23,86%,38,65%,15,83%,20,98%
Semi Ojeleye,26.9,MIL,Big,268,0,27.9%,0,20.8%,5,21.6%,0,77.8%,12,85%,0,100%,59,67%,92,88%
Chuma Okeke,23.2,ORL,Forward,1667,20,47.9%,24,49.0%,25,31.4%,71,84.1%,38,77%,67,57%,71,47%,34,97%
Josh Okogie,23.2,MIN,Forward,452,9,44.0%,23,48.9%,11,25.0%,18,67.5%,54,72%,62,59%,2,100%,0,100%
Onyeka Okongwu,20.9,ATL,Big,967,95,68.7%,95,68.8%,0,,44,71.6%,22,80%,14,78%,24,86%,0,
Isaac Okoro,20.8,CLE,Wing,1980,62,54.5%,81,55.5%,40,35.3%,30,76.5%,40,78%,23,73%,61,50%,43,95%
KZ Okpala,22.5,MIA,Big,200,2,43.8%,3,44.7%,19,27.8%,0,66.7%,16,82%,30,73%,28,83%,24,100%
Victor Oladipo,29.5,MIA,Combo,163,96,61.4%,91,56.3%,96,44.1%,0,72.2%,96,30%,75,27%,98,0%,100,47%
Kelly Olynyk,30.5,DET,Big,759,20,51.8%,19,52.7%,52,33.6%,71,77.5%,62,71%,70,61%,63,65%,91,90%
Cedi Osman,26.6,CLE,Forward,1440,71,54.6%,62,54.8%,68,36.0%,11,65.9%,30,79%,21,72%,47,63%,79,87%
Kelly Oubre,25.9,CHA,Forward,1931,55,53.3%,69,56.9%,46,34.0%,21,68.9%,41,76%,47,63%,61,56%,57,94%
Kevin Pangos,28.8,CLE,Combo,121,3,30.9%,25,42.9%,1,15.0%,0,100.0%,90,33%,97,0%,83,20%,78,67%
Jabari Parker,26.6,BOS,Big,102,72,60.0%,4,45.0%,0,53.3%,0,100.0%,41,76%,12,80%,86,50%,92,88%
Eric Paschall,25.0,UTA,Big,650,51,56.7%,56,58.5%,66,36.3%,56,74.3%,71,69%,81,57%,77,56%,81,94%
Chris Paul,36.5,PHX,Point,2134,82,54.1%,100,55.8%,32,32.5%,53,83.8%,98,15%,92,10%,88,10%,90,41%
Cameron Payne,27.2,PHX,Combo,1216,28,47.1%,38,44.6%,42,34.0%,60,84.1%,95,32%,89,20%,86,19%,84,62%
Elfrid Payton,27.7,PHX,Combo,433,7,37.6%,14,38.5%,0,18.2%,0,39.3%,98,27%,92,18%,66,28%,0,100%
Gary Payton II,28.9,GSW,Combo,1207,99,67.6%,99,76.3%,43,34.2%,4,59.6%,9,83%,6,77%,6,86%,0,100%
Reggie Perry,21.6,POR,Big,168,30,53.4%,67,61.0%,0,14.3%,0,53.8%,72,68%,46,68%,67,64%,24,100%
Jamorko Pickett,23.9,DET,Big,155,8,48.9%,4,45.5%,48,33.3%,0,50.0%,5,88%,92,50%,1,100%,87,92%
Theo Pinson,26.0,DAL,Wing,118,39,51.6%,46,50.0%,36,34.8%,0,100.0%,66,67%,98,0%,84,33%,69,88%
Mason Plumlee,31.7,CHA,Big,1787,88,64.4%,84,64.4%,0,0.0%,0,39.4%,33,77%,13,79%,68,63%,0,
Jakob Poeltl,26.0,SAS,Big,1967,78,61.7%,72,61.7%,0,,4,49.5%,65,70%,59,66%,42,78%,0,
Aleksej Pokusevski,19.8,OKC,Big,1200,4,47.3%,12,50.0%,23,28.9%,30,68.8%,76,67%,92,50%,69,62%,79,95%
Jordan Poole,22.4,GSW,Combo,2232,80,55.1%,83,54.5%,57,36.7%,99,92.2%,51,55%,47,44%,36,40%,73,70%
Kevin Porter,21.5,HOU,Point,1905,68,51.4%,36,45.6%,70,37.8%,3,64.2%,60,38%,48,32%,68,16%,76,52%
Michael Porter,23.3,DEN,Wing,264,5,41.2%,39,49.1%,2,20.8%,0,55.6%,42,76%,58,57%,14,85%,60,90%
Otto Porter,28.4,GSW,Forward,1373,82,56.2%,66,56.5%,73,37.1%,55,80.3%,20,82%,51,62%,11,88%,49,95%
Bobby Portis,26.7,MIL,Big,2019,45,55.6%,23,53.2%,86,39.6%,60,75.2%,65,70%,92,50%,71,61%,24,100%
Kristaps Porzingis,26.3,WAS,Big,478,28,53.3%,17,52.2%,75,37.2%,100,87.7%,61,71%,51,68%,73,59%,75,97%
Kristaps Porzingis,26.3,DAL,Big,1001,12,50.1%,27,53.9%,20,28.2%,95,86.5%,35,77%,44,69%,51,74%,24,100%
Dwight Powell,30.3,DAL,Big,1793,96,68.9%,96,70.3%,64,36.1%,77,78.7%,8,86%,7,85%,12,94%,24,100%
Norman Powell,28.4,POR,Wing,1331,63,54.6%,41,49.4%,87,41.0%,48,80.3%,70,66%,70,50%,56,53%,50,91%
Norman Powell,28.4,LAC,Wing,120,94,60.5%,25,47.4%,100,54.2%,89,87.5%,87,52%,83,45%,78,43%,96,62%
Joshua Primo,18.9,SAS,Forward,910,13,45.2%,11,44.8%,21,30.4%,29,71.7%,65,70%,86,47%,43,64%,50,95%
Taurean Prince,27.6,MIN,Forward,1172,84,56.6%,70,56.9%,77,37.6%,42,75.6%,22,81%,14,76%,54,59%,54,94%
Payton Pritchard,23.8,BOS,Point,881,100,58.0%,58,47.9%,96,41.4%,0,100.0%,2,70%,18,41%,8,36%,18,86%
Immanuel Quickley,22.4,NYK,Combo,1757,39,48.9%,39,44.6%,48,34.8%,90,88.4%,76,42%,75,27%,50,33%,95,53%
Julius Randle,26.9,NYK,Big,2537,3,46.0%,5,45.8%,29,30.8%,62,75.4%,98,47%,98,45%,97,26%,95,80%
Austin Reaves,23.4,LAL,Wing,1360,70,55.3%,94,61.4%,29,33.3%,66,84.1%,49,74%,35,66%,59,52%,25,98%
Cameron Reddish,22.2,NYK,Forward,198,18,46.7%,77,57.6%,3,22.2%,0,92.0%,53,72%,89,44%,19,80%,0,100%
Cameron Reddish,22.2,ATL,Forward,780,21,48.1%,5,41.9%,74,37.2%,95,90.0%,79,63%,70,57%,85,38%,85,84%
Davon Reed,26.4,DEN,Forward,608,98,62.2%,77,57.6%,98,43.6%,0,54.5%,40,76%,49,63%,55,59%,52,94%
Paul Reed,22.4,PHI,Big,237,63,58.2%,74,61.9%,0,0.0%,0,41.7%,91,59%,85,56%,1,100%,0,
Naz Reid,22.2,MIN,Big,1144,35,54.3%,38,55.5%,58,34.6%,68,77.3%,54,73%,64,64%,69,62%,24,100%
Nick Richards,23.9,CHA,Big,278,94,68.2%,93,68.2%,0,,76,78.6%,30,78%,16,78%,36,80%,0,
Josh Richardson,28.1,BOS,Combo,1065,68,53.0%,47,47.5%,77,39.9%,81,85.9%,23,67%,25,53%,33,41%,17,98%
Josh Richardson,28.1,SAS,Combo,512,74,53.7%,22,41.6%,97,44.9%,100,94.6%,14,77%,66,33%,14,63%,0,100%
Austin Rivers,29.3,DEN,Wing,1427,60,54.2%,83,56.3%,41,35.3%,22,72.7%,62,68%,81,47%,74,44%,74,86%
Duncan Robinson,27.5,MIA,Wing,2015,73,55.8%,86,57.4%,58,36.9%,62,83.6%,4,93%,2,90%,34,68%,33,96%
Justin Robinson,24.1,MIL,Point,156,14,42.9%,38,46.2%,4,26.7%,0,,22,50%,6,50%,94,0%,64,63%
Mitchell Robinson,23.6,NYK,Big,1847,100,76.1%,100,76.1%,0,,3,48.6%,96,52%,90,52%,98,20%,0,
Jeremiah Robinson-Earl,21.0,OKC,Big,1068,11,49.7%,8,47.8%,56,34.4%,56,74.1%,10,85%,28,73%,39,79%,24,100%
Isaiah Roby,23.7,OKC,Big,908,70,59.0%,31,54.5%,98,46.2%,27,66.7%,51,74%,66,63%,36,80%,88,91%
Rajon Rondo,35.7,LAL,Point,270,6,38.8%,4,35.0%,11,27.6%,0,50.0%,48,41%,96,0%,34,25%,0,100%
Rajon Rondo,35.7,CLE,Combo,407,51,50.5%,42,45.8%,74,39.7%,0,75.0%,71,44%,96,6%,89,17%,56,78%
Derrick Rose,33.1,NYK,Point,629,66,51.3%,48,46.9%,87,40.0%,100,96.8%,50,41%,70,24%,24,28%,38,75%
Terrence Ross,30.7,ORL,Wing,1447,15,47.3%,40,49.3%,15,30.0%,80,85.8%,76,61%,59,57%,61,50%,86,78%
Terry Rozier,27.6,CHA,Combo,2437,75,53.9%,70,51.6%,64,37.7%,76,85.7%,35,61%,42,45%,28,43%,42,84%
Ricky Rubio,31.0,CLE,Combo,964,15,43.9%,13,38.0%,45,34.5%,72,85.4%,75,42%,72,32%,82,20%,76,67%
D'Angelo Russell,25.7,MIN,Point,2076,56,50.5%,66,49.2%,49,34.2%,50,82.5%,44,43%,26,37%,52,22%,62,63%
Domantas Sabonis,25.5,IND,Big,1624,75,60.9%,80,63.8%,40,32.1%,53,73.8%,78,66%,64,64%,83,53%,24,100%
Domantas Sabonis,25.5,SAC,Big,504,49,56.4%,55,58.4%,6,23.5%,56,74.3%,90,61%,49,68%,92,44%,96,75%
Olivier Sarr,22.7,OKC,Big,400,89,64.7%,82,64.2%,96,44.0%,95,85.2%,16,81%,76,58%,1,100%,24,100%
Tomas Satoransky,30.0,NOP,Combo,457,2,30.7%,6,32.4%,2,17.9%,0,73.9%,42,59%,11,64%,71,25%,0,100%
Tomas Satoransky,30.0,WAS,Combo,412,63,51.9%,81,54.1%,15,30.0%,0,84.0%,61,49%,66,33%,25,47%,0,100%
Admiral Schofield,24.6,ORL,Forward,414,78,55.4%,72,57.1%,71,36.2%,0,83.3%,12,88%,4,86%,35,70%,41,96%
Dennis Schroder,28.1,HOU,Combo,404,26,46.4%,32,43.9%,38,33.3%,87,87.2%,93,33%,95,15%,97,13%,75,68%
Dennis Schroder,28.1,BOS,Point,1421,52,50.3%,60,48.5%,57,35.3%,58,84.5%,52,40%,34,34%,46,23%,44,73%
Alperen Sengun,19.3,HOU,Big,1442,18,51.3%,29,54.1%,18,27.4%,42,71.2%,97,50%,96,47%,95,31%,75,97%
Collin Sexton,22.8,CLE,Wing,314,28,49.7%,72,54.3%,8,25.6%,24,74.4%,90,49%,70,50%,92,26%,80,82%
Landry Shamet,24.6,PHX,Wing,1357,43,52.4%,16,44.4%,61,37.7%,56,82.9%,31,82%,61,56%,43,62%,42,95%
Day'Ron Sharpe,20.0,BKN,Big,304,48,56.2%,45,56.7%,0,0.0%,23,65.4%,85,63%,65,63%,86,50%,0,
Pascal Siakam,27.6,TOR,Forward,2574,49,52.6%,53,52.6%,55,34.9%,40,74.9%,97,37%,93,41%,98,20%,51,95%
Anfernee Simons,22.4,POR,Combo,1661,86,56.3%,53,48.7%,85,41.3%,91,88.7%,73,43%,79,25%,89,17%,83,65%
Zavier Simpson,24.7,OKC,Point,174,4,37.5%,10,40.9%,0,12.5%,0,100.0%,82,26%,90,11%,14,33%,0,100%
Jericho Sims,23.0,NYK,Big,510,99,76.1%,99,76.1%,0,,1,40.7%,35,77%,18,76%,1,100%,0,
Javonte Smart,22.4,MIL,Combo,142,4,34.2%,7,35.0%,5,22.2%,0,83.3%,30,64%,89,20%,1,100%,0,100%
Marcus Smart,27.7,BOS,Combo,2293,46,49.8%,67,50.7%,38,33.3%,41,80.2%,44,58%,61,39%,49,34%,28,92%
Ish Smith,33.3,CHA,Combo,448,14,43.8%,16,39.9%,99,47.6%,0,58.8%,90,33%,82,24%,70,26%,51,80%
Ish Smith,33.3,WAS,Point,597,34,48.5%,46,46.7%,66,37.1%,0,60.0%,90,20%,94,10%,72,14%,50,69%
Jalen Smith,21.6,PHX,Big,313,22,52.3%,46,57.0%,14,26.7%,68,77.3%,58,72%,85,56%,28,83%,24,100%
Jalen Smith,21.6,IND,Big,533,72,60.1%,77,62.8%,77,37.3%,67,77.1%,18,81%,44,68%,21,88%,24,100%
Dennis Smith Jr.,23.9,POR,Combo,556,19,44.2%,43,46.2%,3,20.0%,9,66.7%,88,35%,60,39%,75,24%,96,50%
Tony Snell,30.0,POR,Forward,521,30,50.0%,48,52.4%,32,32.4%,0,100.0%,10,89%,59,60%,15,83%,43,96%
Tony Snell,30.0,NOP,Wing,247,98,62.3%,85,57.1%,94,42.6%,0,,12,89%,26,71%,2,100%,40,95%
Cassius Stanley,22.2,DET,Wing,139,36,51.2%,82,55.6%,0,28.6%,0,100.0%,61,68%,61,56%,36,67%,1,100%
Lance Stephenson,31.2,IND,Combo,717,52,50.5%,71,51.8%,29,31.8%,38,79.7%,99,26%,88,20%,93,15%,86,59%
Lamar Stevens,24.3,CLE,Wing,956,40,51.8%,70,54.1%,10,28.1%,13,70.4%,72,65%,34,67%,70,47%,1,100%
Isaiah Stewart,20.4,DET,Big,1806,24,52.5%,20,52.8%,44,32.6%,47,72.3%,64,70%,61,65%,19,89%,82,93%
Max Strus,25.6,MIA,Wing,1524,96,61.2%,78,54.8%,92,41.9%,38,78.8%,10,90%,11,81%,54,55%,38,95%
Jalen Suggs,20.4,ORL,Combo,1276,9,39.9%,31,43.8%,4,21.6%,24,76.7%,72,44%,55,40%,50,33%,82,66%
Keifer Sykes,27.8,IND,Point,524,18,44.6%,16,41.5%,28,32.1%,0,87.5%,8,62%,4,54%,30,27%,16,88%
Jae'Sean Tate,26.0,HOU,Forward,2047,64,54.2%,67,56.8%,28,31.7%,27,70.7%,87,57%,78,52%,89,35%,60,94%
Jayson Tatum,23.7,BOS,Forward,2726,50,52.7%,49,52.4%,60,35.5%,77,85.1%,94,47%,88,46%,84,39%,98,57%
Terry Taylor,22.1,IND,Forward,669,99,64.6%,99,67.6%,38,33.3%,34,73.3%,68,69%,46,63%,27,77%,67,92%
Garrett Temple,35.5,NOP,Wing,1072,13,46.7%,23,47.2%,18,30.9%,6,68.3%,34,81%,60,57%,21,79%,23,98%
Daniel Theis,29.6,BOS,Big,375,86,64.2%,91,67.1%,72,37.0%,30,68.8%,15,83%,21,76%,14,94%,89,90%
Daniel Theis,29.6,HOU,Big,576,29,53.4%,64,60.6%,24,29.5%,50,73.0%,14,83%,19,76%,40,79%,24,100%
Cameron Thomas,20.1,BKN,Wing,1069,30,50.2%,64,53.4%,12,29.5%,61,83.5%,91,48%,70,50%,80,40%,93,70%
Isaiah Thomas,32.7,CHA,Combo,189,85,56.3%,51,48.1%,91,43.1%,0,90.0%,29,64%,43,44%,17,56%,60,77%
Matt Thomas,27.2,CHI,Wing,383,79,56.1%,16,44.4%,83,40.3%,0,85.7%,2,95%,0,100%,2,100%,48,93%
Klay Thompson,31.7,GSW,Wing,934,50,53.0%,26,47.7%,72,38.5%,100,91.8%,45,75%,10,81%,50,57%,62,89%
Tristan Thompson,30.6,CHI,Big,371,55,57.3%,49,57.3%,0,,8,54.2%,80,65%,68,63%,58,68%,0,
Tristan Thompson,30.6,SAC,Big,452,14,51.0%,13,50.3%,0,100.0%,7,53.3%,81,64%,82,56%,43,78%,24,100%
JT Thor,19.2,CHA,Forward,190,30,50.0%,96,66.7%,3,22.2%,0,45.5%,3,94%,2,90%,2,100%,0,100%
Matisse Thybulle,24.7,PHI,Wing,1669,83,57.5%,100,66.9%,21,31.4%,51,80.5%,35,81%,18,76%,61,50%,38,95%
Killian Tillie,23.7,MEM,Forward,355,51,52.7%,7,42.9%,80,38.1%,0,50.0%,17,83%,81,50%,30,75%,43,96%
Xavier Tillman,22.8,MEM,Big,564,5,47.6%,22,53.0%,2,16.1%,21,63.8%,61,71%,65,63%,36,80%,24,100%
Obi Toppin,23.7,NYK,Big,1190,64,58.5%,86,65.2%,30,30.9%,64,75.7%,9,85%,11,82%,40,79%,24,100%
Juan Toscano-Anderson,28.6,GSW,Forward,866,59,53.4%,81,58.8%,18,27.4%,2,54.8%,43,76%,20,72%,29,76%,77,88%
Karl-Anthony Towns,26.0,MIN,Big,2482,69,59.0%,53,58.0%,89,40.8%,87,82.2%,87,62%,83,56%,85,50%,91,89%
Gary Trent Jr.,22.8,TOR,Combo,2441,57,51.2%,37,44.5%,68,38.5%,65,84.8%,46,58%,23,56%,44,36%,62,76%
PJ Tucker,36.5,MIA,Big,1978,59,57.7%,28,54.0%,90,41.5%,53,73.8%,4,88%,24,75%,18,89%,68,99%
Myles Turner,25.6,IND,Big,1232,65,58.5%,88,66.2%,47,33.2%,62,75.2%,28,78%,48,68%,56,69%,24,100%
Jonas Valanciunas,29.5,NOP,Big,2236,58,57.6%,55,58.2%,67,36.3%,86,82.0%,77,67%,85,56%,55,71%,71,98%
Denzel Valentine,28.0,CLE,Wing,164,50,53.0%,2,30.8%,84,40.5%,0,,39,79%,92,33%,2,100%,72,87%
Fred VanVleet,27.7,TOR,Point,2457,70,51.7%,26,44.2%,79,38.3%,83,87.4%,46,43%,74,23%,50,22%,68,59%
Jarred Vanderbilt,22.6,MIN,Big,1869,69,58.9%,63,60.5%,0,14.3%,24,65.6%,66,70%,39,70%,74,59%,24,100%
Devin Vassell,21.2,SAS,Wing,1896,42,52.2%,45,49.7%,52,36.3%,63,83.7%,37,80%,36,66%,34,68%,27,98%
Gabe Vincent,25.4,MIA,Combo,1499,71,53.4%,56,49.2%,62,37.3%,47,81.5%,28,64%,30,50%,47,34%,50,81%
Nikola Vucevic,31.0,CHI,Big,2415,21,52.0%,25,53.7%,36,31.7%,66,76.0%,39,77%,72,61%,35,81%,24,100%
Dean Wade,24.9,CLE,Forward,950,76,55.2%,93,62.9%,47,34.1%,13,66.7%,31,79%,32,69%,90,33%,31,98%
Franz Wagner,20.2,ORL,Forward,2416,40,51.8%,34,51.0%,64,35.8%,84,86.3%,85,59%,57,60%,82,39%,86,83%
Moritz Wagner,24.5,ORL,Big,874,62,58.1%,92,67.2%,45,33.0%,82,79.8%,11,85%,11,81%,80,55%,70,98%
Ishmail Wainright,27.1,PHX,Big,245,8,48.7%,10,48.5%,43,32.6%,0,50.0%,39,77%,88,53%,1,100%,24,100%
Kemba Walker,31.5,NYK,Point,947,54,50.3%,28,44.4%,64,36.9%,58,84.5%,64,36%,76,20%,54,22%,78,51%
Lonnie Walker,22.9,SAS,Wing,1596,24,48.5%,37,48.8%,25,32.1%,35,78.4%,72,65%,47,63%,72,45%,75,85%
Derrick Walton Jr.,26.6,DET,Point,108,0,28.8%,0,23.1%,0,23.1%,0,100.0%,22,50%,96,0%,94,0%,0,100%
Brad Wanamaker,32.3,IND,Combo,249,12,42.9%,25,42.9%,0,28.6%,0,88.2%,56,52%,30,50%,42,36%,0,100%
Duane Washington,21.6,IND,Combo,920,43,49.6%,21,41.2%,70,38.8%,18,74.1%,17,74%,28,51%,13,64%,25,92%
PJ Washington,23.2,CHA,Big,1716,58,57.7%,62,60.4%,70,37.0%,44,71.6%,8,87%,20,76%,15,92%,74,97%
Yuta Watanabe,27.1,TOR,Wing,390,17,47.3%,21,46.7%,23,31.8%,4,60.7%,23,86%,30,69%,25,75%,1,100%
Lindy Waters,24.3,OKC,Wing,454,79,56.1%,98,64.0%,54,36.4%,0,80.0%,27,85%,20,75%,42,63%,59,90%
Trendon Watford,21.0,POR,Big,780,42,55.2%,61,59.8%,3,16.7%,55,74.0%,92,59%,80,57%,72,60%,95,80%
Paul Watson,26.8,OKC,Forward,140,2,37.5%,96,66.7%,0,17.4%,0,,66,70%,95,33%,37,67%,0,100%
Russell Westbrook,33.0,LAL,Point,2667,32,47.8%,64,48.7%,15,29.7%,6,66.5%,72,29%,64,28%,76,13%,56,65%
Coby White,21.7,CHI,Combo,1636,76,54.4%,58,49.3%,69,38.7%,71,85.4%,25,66%,38,48%,50,33%,30,90%
Derrick White,27.3,BOS,Combo,709,35,48.5%,65,50.4%,21,30.9%,68,84.9%,26,65%,20,58%,25,47%,35,88%
Derrick White,27.3,SAS,Combo,1485,47,49.9%,72,51.9%,27,31.6%,84,86.9%,59,51%,59,39%,58,33%,47,81%
Hassan Whiteside,32.4,UTA,Big,1125,90,65.4%,87,65.4%,0,,17,62.0%,85,63%,67,63%,64,64%,0,
Joe Wieskamp,22.2,SAS,Wing,141,2,35.5%,6,40.0%,6,23.1%,0,62.5%,17,88%,98,0%,2,100%,1,100%
Aaron Wiggins,22.8,OKC,Wing,1193,46,52.7%,84,57.1%,17,30.9%,19,72.3%,63,68%,57,58%,53,55%,28,98%
Andrew Wiggins,26.7,GSW,Forward,2318,65,54.3%,35,51.2%,85,39.4%,8,63.1%,80,63%,68,57%,78,42%,73,90%
Lindell Wigginton,23.6,MIL,Combo,156,20,44.8%,20,40.7%,38,33.3%,3,57.7%,6,83%,14,63%,1,100%,0,100%
Brandon Williams,21.9,POR,Point,603,12,42.8%,12,40.9%,19,30.2%,11,68.8%,42,44%,22,38%,56,21%,32,76%
Grant Williams,22.9,BOS,Forward,1842,95,59.8%,65,56.2%,93,41.4%,94,89.9%,14,86%,30,70%,17,82%,24,99%
Kenrich Williams,26.9,OKC,Forward,1069,54,53.2%,56,53.8%,53,34.7%,0,54.5%,72,66%,39,66%,70,49%,88,83%
Lou Williams,35.0,ATL,Combo,790,22,45.0%,19,40.5%,54,36.0%,76,85.7%,65,46%,65,35%,46,34%,63,75%
Patrick Williams,20.2,CHI,Big,408,77,61.6%,32,54.5%,100,51.7%,78,78.8%,41,76%,73,60%,34,81%,82,93%
Robert Williams,24.0,BOS,Big,1803,99,73.7%,98,73.7%,0,0.0%,46,72.2%,69,69%,44,68%,45,77%,0,
Ziaire Williams,20.1,MEM,Wing,1299,64,54.6%,95,62.7%,26,32.5%,53,81.3%,16,88%,8,83%,17,80%,34,96%
Dylan Windler,25.1,CLE,Wing,395,31,50.6%,71,54.2%,28,32.7%,0,82.4%,3,94%,13,80%,2,100%,1,100%
Justise Winslow,25.6,POR,Forward,293,12,44.7%,16,46.8%,16,27.0%,0,56.0%,32,78%,26,70%,26,78%,0,100%
Justise Winslow,25.6,LAC,Big,425,14,50.8%,35,55.1%,6,21.7%,17,61.5%,67,69%,58,66%,57,69%,24,100%
Christian Wood,26.1,HOU,Big,2092,56,57.4%,45,56.9%,82,39.0%,18,62.3%,74,68%,60,65%,89,48%,94,85%
Delon Wright,29.5,ATL,Combo,1393,78,54.9%,66,50.7%,82,40.2%,74,85.5%,41,59%,41,46%,24,48%,48,81%
Thaddeus Young,33.4,SAS,Big,355,51,56.6%,51,58.0%,0,0.0%,0,45.5%,93,57%,96,47%,46,75%,0,
Thaddeus Young,33.4,TOR,Forward,466,43,51.8%,26,49.0%,84,39.0%,0,54.2%,84,60%,98,32%,33,72%,0,100%
Trae Young,23.1,ATL,Point,2647,84,54.2%,70,51.2%,81,38.4%,94,90.4%,94,17%,86,14%,74,14%,98,22%
Omer Yurtseven,23.4,MIA,Big,624,27,53.3%,34,54.9%,0,11.1%,14,61.1%,24,79%,22,75%,23,86%,24,100%
Cody Zeller,29.1,POR,Big,335,53,57.0%,59,59.0%,0,0.0%,79,79.1%,59,71%,61,65%,1,100%,0,
Ivica Zubac,24.6,LAC,Big,1843,79,62.5%,76,62.5%,0,,47,72.4%,58,72%,41,70%,44,78%,0,