Player,Age,Team,Pos,MIN,eFG% Rank,eFG%,Rim Rank,Rim,Short Mid Rank,Short Mid,Long Mid Rank,Long Mid,All Mid Rank,All Mid,Corner Three Rank,Corner Three,Non Corner Rank,Non Corner,All Three Rank,All Three
Precious Achiuwa,22.1,TOR,Big,1693,7,48.6%,35,43%,74,27%,62,5%,71,32%,77,11%,51,14%,55,24%
Steven Adams,28.3,MEM,Big,1997,42,55.1%,85,78%,60,22%,11,0%,39,22%,0,0%,0,0%,0,0%
Bam Adebayo,24.3,MIA,Big,1822,46,55.9%,51,50%,95,37%,89,13%,96,50%,0,0%,19,0%,16,0%
Santi Aldama,20.8,MEM,Big,243,2,42.8%,44,47%,46,19%,19,1%,34,20%,75,10%,69,22%,72,33%
LaMarcus Aldridge,36.3,BKN,Big,1047,50,56.6%,7,25%,75,28%,100,38%,100,66%,45,3%,36,6%,37,9%
Nickeil Alexander-Walker,23.2,UTA,Wing,112,25,48.6%,52,26%,18,8%,22,3%,15,11%,92,32%,50,32%,73,63%
Nickeil Alexander-Walker,23.2,NOP,Combo,1298,25,45.7%,70,31%,26,15%,50,9%,27,24%,65,11%,53,34%,57,45%
Grayson Allen,26.1,MIL,Wing,1786,88,58.5%,36,20%,34,11%,23,3%,22,14%,54,18%,87,48%,79,66%
Jarrett Allen,23.5,CLE,Big,1802,93,67.8%,81,72%,63,23%,51,4%,54,27%,31,1%,19,0%,18,1%
Jose Alvarado,23.6,NOP,Point,731,62,51.2%,74,32%,72,27%,26,7%,52,34%,70,9%,30,25%,38,34%
Justin Anderson,28.0,IND,Forward,260,4,42.4%,20,20%,18,10%,74,11%,51,21%,73,20%,77,38%,77,58%
Kyle Anderson,28.1,MEM,Forward,1458,22,48.4%,63,34%,98,36%,66,8%,91,43%,21,9%,13,13%,10,22%
Giannis Antetokounmpo,26.9,MIL,Big,2189,65,58.7%,58,53%,58,22%,85,11%,70,32%,25,0%,54,15%,44,15%
Thanasis Antetokounmpo,29.3,MIL,Big,359,62,58.2%,90,81%,8,9%,41,3%,11,12%,49,4%,31,4%,33,7%
Carmelo Anthony,37.4,LAL,Big,1784,39,54.7%,2,15%,25,14%,95,19%,72,33%,76,10%,96,42%,93,52%
Cole Anthony,21.5,ORL,Point,2044,24,46.9%,48,24%,54,23%,64,13%,58,36%,34,4%,64,36%,58,40%
OG Anunoby,24.3,TOR,Wing,1722,44,52.5%,74,33%,50,14%,63,10%,50,24%,44,14%,44,29%,38,43%
Trevor Ariza,36.3,LAL,Forward,453,5,42.8%,30,25%,0,4%,0,0%,0,4%,93,28%,85,44%,94,71%
D.J. Augustin,34.0,LAL,Combo,357,97,63.4%,11,12%,8,8%,5,2%,2,11%,100,30%,84,47%,97,77%
D.J. Augustin,34.0,HOU,Point,507,88,55.2%,36,21%,0,6%,16,4%,0,11%,82,11%,100,57%,98,68%
Deni Avdija,20.8,WAS,Forward,1910,36,50.6%,62,34%,80,19%,47,5%,59,25%,31,11%,59,30%,45,41%
Deandre Ayton,23.3,PHX,Big,1708,86,64.0%,32,42%,98,44%,86,11%,99,55%,0,0%,28,2%,22,2%
Udoka Azubuike,22.1,UTA,Big,155,98,70.6%,96,89%,16,11%,0,0%,9,11%,0,0%,0,0%,0,0%
Marvin Bagley,22.6,DET,Big,488,59,57.8%,54,51%,85,31%,30,2%,73,33%,53,4%,48,11%,45,15%
Marvin Bagley,22.6,SAC,Big,650,9,49.4%,24,39%,89,33%,52,4%,82,37%,89,15%,45,9%,54,24%
LaMelo Ball,20.2,CHA,Point,2403,74,52.4%,56,28%,44,20%,34,9%,36,29%,62,7%,60,35%,66,43%
Lonzo Ball,24.0,CHI,Point,1204,96,56.6%,18,17%,4,8%,30,9%,2,17%,96,16%,90,50%,92,66%
Mohamed Bamba,23.5,ORL,Big,1795,48,56.1%,20,36%,23,14%,75,7%,35,21%,84,12%,88,32%,89,44%
Desmond Bane,23.4,MEM,Wing,2262,81,57.0%,38,20%,72,20%,84,14%,78,34%,27,9%,61,37%,44,46%
Dalano Banton,22.0,TOR,Combo,626,16,44.0%,96,46%,63,22%,43,8%,48,30%,30,7%,13,17%,9,24%
Harrison Barnes,29.4,SAC,Forward,2581,79,55.5%,73,37%,86,24%,18,2%,65,26%,36,12%,40,25%,34,37%
Scottie Barnes,20.3,TOR,Forward,2603,47,52.5%,68,36%,94,33%,81,13%,94,46%,10,6%,11,12%,6,19%
RJ Barrett,21.4,NYK,Wing,2407,12,46.7%,83,41%,83,23%,36,5%,65,29%,20,8%,20,22%,11,30%
Will Barton,30.8,DEN,Wing,2272,47,52.7%,55,27%,64,17%,66,10%,63,28%,31,11%,60,35%,40,45%
Charles Bassey,21.0,PHI,Big,124,96,69.0%,80,71%,40,18%,66,6%,41,24%,46,3%,29,3%,30,6%
Keita Bates-Diop,25.8,SAS,Big,911,38,54.6%,69,61%,35,16%,60,5%,36,21%,68,9%,44,8%,48,17%
Nicolas Batum,32.9,LAC,Forward,1457,97,60.7%,12,15%,9,7%,69,10%,29,17%,79,23%,91,46%,93,69%
Kent Bazemore,32.3,LAL,Wing,487,7,43.8%,50,24%,31,11%,75,12%,47,23%,95,34%,16,19%,59,53%
Darius Bazley,21.4,OKC,Forward,1931,23,48.8%,83,44%,63,17%,17,2%,36,19%,22,10%,48,27%,37,37%
Bradley Beal,28.3,WAS,Combo,1438,40,49.3%,66,30%,81,28%,82,17%,88,45%,26,7%,15,19%,12,25%
Malik Beasley,24.9,MIN,Wing,1959,56,53.7%,10,11%,22,9%,39,6%,25,15%,83,25%,86,48%,91,74%
DeAndre' Bembry,27.3,BKN,Wing,894,85,58.1%,100,70%,55,15%,6,0%,28,16%,25,9%,2,6%,1,15%
Davis Bertans,29.0,WAS,Forward,489,34,50.3%,0,8%,2,6%,26,2%,5,8%,62,17%,100,67%,100,84%
Davis Bertans,29.0,DAL,Forward,285,85,56.9%,6,11%,1,4%,11,1%,1,5%,77,21%,99,63%,99,83%
Patrick Beverley,33.3,MIN,Combo,1473,50,50.5%,43,22%,66,23%,9,3%,39,27%,69,12%,68,39%,71,51%
Saddiq Bey,22.6,DET,Forward,2684,27,49.7%,34,26%,52,16%,68,9%,60,25%,48,14%,68,36%,62,50%
Khem Birch,29.1,TOR,Big,988,6,48.5%,48,49%,98,43%,35,2%,94,45%,61,6%,0,0%,32,6%
Goga Bitadze,22.3,IND,Big,678,68,58.9%,68,60%,18,12%,21,1%,12,13%,39,2%,76,26%,62,28%
Bismack Biyombo,29.2,PHX,Big,440,78,61.8%,75,66%,88,32%,24,1%,74,34%,0,0%,0,0%,0,0%
Nemanja Bjelica,33.5,GSW,Big,1093,41,54.9%,19,34%,62,22%,42,3%,49,25%,58,6%,94,35%,85,40%
Eric Bledsoe,31.9,LAC,Point,1358,30,47.7%,78,32%,50,21%,68,14%,56,35%,38,4%,44,28%,32,32%
Keljin Blevins,25.9,POR,Combo,258,5,34.6%,41,22%,5,6%,28,6%,4,12%,95,24%,75,41%,92,66%
Bogdan Bogdanovic,29.2,ATL,Wing,1835,55,53.6%,25,16%,66,18%,71,11%,66,29%,42,14%,74,41%,64,55%
Bojan Bogdanovic,32.5,UTA,Forward,2121,77,55.4%,31,25%,87,25%,33,3%,73,28%,70,19%,52,28%,59,47%
Leandro Bolmaro,21.1,MIN,Wing,165,1,30.4%,93,47%,81,23%,62,10%,76,33%,1,3%,13,17%,6,20%
Devin Booker,25.0,PHX,Wing,2343,54,53.4%,23,15%,92,27%,100,26%,100,53%,4,5%,34,27%,15,31%
Brandon Boston Jr.,19.9,LAC,Forward,669,11,44.3%,55,31%,43,14%,95,21%,83,36%,17,8%,43,25%,28,33%
Chris Boucher,28.8,TOR,Big,1666,25,52.6%,52,50%,10,10%,51,4%,16,14%,78,11%,73,25%,78,36%
James Bouknight,21.1,CHA,Combo,234,24,45.5%,97,46%,34,16%,4,2%,12,18%,50,9%,28,27%,30,36%
Avery Bradley,30.9,LAL,Wing,1384,61,54.4%,32,18%,43,12%,68,11%,49,23%,97,35%,28,24%,67,59%
Tony Bradley,23.8,CHI,Big,492,66,58.7%,83,75%,42,18%,72,7%,46,25%,0,0%,0,0%,0,0%
Ignas Brazdeikis,22.8,ORL,Forward,439,60,54.0%,78,40%,34,13%,43,4%,31,17%,55,16%,49,27%,48,43%
Mikal Bridges,25.2,PHX,Wing,2846,94,60.5%,66,30%,94,29%,51,8%,85,36%,61,20%,9,14%,24,34%
Miles Bridges,23.6,CHA,Forward,2824,81,55.7%,85,46%,56,16%,34,3%,39,19%,23,10%,36,24%,30,34%
Oshae Brissett,23.4,IND,Big,1508,10,49.5%,34,43%,17,12%,49,4%,18,15%,88,15%,80,27%,88,42%
Malcolm Brogdon,28.9,IND,Combo,1205,49,50.3%,90,40%,36,16%,71,13%,45,29%,17,5%,25,26%,20,31%
Armoni Brooks,23.4,HOU,Combo,619,34,48.2%,9,11%,0,3%,3,1%,0,4%,71,12%,99,73%,99,85%
Armoni Brooks,23.4,TOR,Combo,139,10,41.4%,0,0%,2,6%,0,0%,1,6%,77,14%,100,81%,100,94%
Dillon Brooks,25.8,MEM,Wing,881,22,48.2%,61,29%,96,31%,82,14%,98,45%,5,5%,19,22%,7,26%
Bruce Brown,25.2,BKN,Forward,1707,62,54.1%,90,50%,93,30%,27,2%,82,33%,34,12%,2,5%,5,17%
Charles Brown,24.7,PHI,Wing,135,0,23.1%,99,59%,54,15%,50,7%,44,22%,3,4%,11,15%,4,19%
Greg Brown,20.2,POR,Big,504,9,49.3%,60,54%,5,9%,58,5%,13,13%,84,12%,66,20%,72,32%
Jaylen Brown,25.0,BOS,Wing,2220,59,54.2%,64,30%,76,22%,80,13%,84,36%,17,8%,39,27%,25,35%
Moses Brown,22.1,CLE,Big,163,84,63.6%,84,76%,64,23%,25,2%,44,24%,0,0%,0,0%,0,0%
Moses Brown,22.1,DAL,Big,134,47,56.1%,99,92%,4,8%,0,0%,2,8%,0,0%,0,0%,0,0%
Sterling Brown,26.7,DAL,Forward,569,14,45.2%,41,28%,15,9%,62,7%,27,16%,95,30%,46,26%,71,56%
Troy Brown,22.3,CHI,Forward,955,35,50.5%,64,35%,20,11%,37,4%,22,15%,96,32%,22,18%,63,50%
Jalen Brunson,25.2,DAL,Combo,2519,77,54.9%,40,22%,95,36%,86,18%,97,54%,35,7%,11,16%,8,24%
Thomas Bryant,24.3,WAS,Big,416,52,56.7%,54,51%,13,11%,91,13%,44,24%,56,5%,65,19%,56,25%
Reggie Bullock,30.6,DAL,Forward,1893,67,54.4%,5,11%,6,7%,50,5%,10,12%,98,37%,82,40%,97,77%
Trey Burke,29.0,DAL,Combo,351,31,47.6%,29,17%,50,19%,99,28%,91,47%,25,6%,40,30%,31,36%
Alec Burks,30.3,NYK,Combo,2309,48,50.0%,37,20%,55,20%,60,10%,51,31%,67,12%,65,37%,67,49%
Jared Butler,21.2,UTA,Combo,266,36,48.6%,26,17%,48,19%,35,7%,36,26%,34,7%,91,50%,80,57%
Jimmy Butler,32.1,MIA,Forward,1926,28,49.7%,81,42%,97,35%,78,12%,95,47%,7,6%,3,6%,2,11%
Kentavious Caldwell-Pope,28.7,WAS,Wing,2326,52,53.3%,29,17%,51,14%,97,23%,86,37%,53,17%,43,29%,47,46%
Facundo Campazzo,30.6,DEN,Point,1098,26,47.3%,46,24%,18,14%,8,4%,4,17%,84,11%,86,48%,88,59%
Vlatko Cancar,24.6,DEN,Big,163,80,62.5%,59,53%,41,18%,55,4%,38,22%,79,11%,51,13%,55,24%
Devin Cannady,25.4,ORL,Combo,139,30,47.6%,2,5%,6,7%,15,5%,3,12%,98,29%,97,55%,98,83%
Clint Capela,27.5,ATL,Big,2041,76,61.5%,94,83%,34,16%,14,1%,21,17%,0,0%,0,0%,0,0%
Jevon Carter,26.1,MIL,Combo,325,100,70.3%,12,12%,9,9%,94,22%,52,31%,96,27%,39,30%,79,57%
Jevon Carter,26.1,BKN,Combo,472,23,45.4%,1,3%,3,6%,76,15%,21,21%,94,22%,95,53%,95,76%
Wendell Carter,22.5,ORL,Big,1848,60,57.9%,29,42%,54,21%,80,9%,61,30%,48,3%,75,25%,65,28%
Alex Caruso,27.7,CHI,Combo,1136,38,48.8%,84,36%,15,12%,40,8%,14,19%,85,18%,27,27%,55,44%
Willie Cauley-Stein,28.2,DAL,Big,170,4,47.1%,72,64%,61,22%,78,8%,62,31%,0,0%,34,6%,29,6%
Justin Champagnie,20.3,TOR,Wing,227,29,50.0%,95,50%,26,10%,0,0%,12,10%,68,22%,15,18%,33,40%
Chris Chiozza,25.9,GSW,Combo,307,6,35.5%,16,13%,35,16%,24,6%,25,22%,82,16%,90,49%,89,65%
Marquese Chriss,24.3,DAL,Big,278,32,53.8%,76,67%,33,16%,40,3%,29,19%,55,4%,46,10%,42,14%
Josh Christopher,19.9,HOU,Combo,1195,65,52.3%,87,39%,59,22%,21,5%,40,27%,56,10%,24,25%,26,35%
Gary Clark,27.0,NOP,Big,314,29,53.3%,4,16%,4,8%,23,1%,4,9%,100,44%,85,30%,99,75%
Brandon Clarke,25.1,MEM,Big,1188,89,65.2%,64,58%,91,34%,47,3%,84,38%,49,3%,22,1%,28,4%
Jordan Clarkson,29.4,UTA,Combo,2109,53,50.6%,25,17%,83,29%,8,3%,53,31%,62,11%,75,41%,74,52%
Nicolas Claxton,22.5,BKN,Big,940,95,68.7%,87,80%,49,20%,10,0%,35,20%,0,0%,0,0%,0,0%
Amir Coffey,24.4,LAC,Wing,1472,76,56.0%,56,27%,59,16%,37,6%,43,22%,52,17%,56,34%,55,51%
John Collins,24.1,ATL,Big,1662,55,57.2%,27,42%,68,24%,79,9%,72,33%,70,9%,58,16%,58,25%
Zach Collins,24.0,SAS,Big,482,26,53.0%,38,45%,58,22%,83,10%,68,32%,38,2%,68,22%,53,23%
Mike Conley,34.1,UTA,Point,2056,86,54.5%,12,13%,86,33%,12,4%,62,37%,68,9%,70,41%,76,50%
Pat Connaughton,28.8,MIL,Wing,1655,93,60.2%,35,19%,11,6%,10,1%,6,7%,72,23%,92,51%,90,74%
Tyler Cook,24.1,CHI,Big,188,85,63.9%,96,90%,11,10%,0,0%,6,10%,0,0%,0,0%,0,0%
DeMarcus Cousins,31.2,MIL,Big,286,25,52.6%,49,49%,19,12%,15,1%,11,13%,57,6%,92,33%,82,38%
DeMarcus Cousins,31.2,DEN,Big,424,17,51.3%,53,51%,31,16%,44,3%,28,19%,0,0%,86,30%,69,30%
Robert Covington,30.9,LAC,Forward,478,100,68.1%,45,29%,3,6%,13,1%,4,7%,49,14%,95,50%,86,64%
Robert Covington,30.9,POR,Forward,1425,33,50.1%,22,21%,17,10%,28,3%,13,12%,47,14%,97,53%,89,67%
Torrey Craig,30.9,IND,Forward,1013,74,55.0%,61,33%,40,14%,57,7%,49,21%,78,21%,39,25%,55,46%
Torrey Craig,30.9,PHX,Forward,521,80,55.6%,35,26%,33,13%,36,3%,28,16%,85,24%,64,34%,74,58%
Jae Crowder,31.3,PHX,Forward,1884,41,51.8%,1,9%,37,13%,82,13%,66,26%,51,15%,96,50%,88,64%
Jarrett Culver,22.7,MEM,Combo,201,8,38.7%,79,36%,41,17%,72,13%,49,30%,70,12%,20,22%,23,34%
Cade Cunningham,20.1,DET,Wing,2082,14,47.0%,72,32%,82,23%,77,12%,83,35%,8,5%,40,28%,22,33%
Seth Curry,31.2,BKN,Wing,568,100,63.3%,2,6%,39,12%,96,23%,82,35%,49,16%,80,43%,68,59%
Seth Curry,31.2,PHI,Combo,1564,91,57.9%,4,8%,37,16%,100,29%,89,45%,46,9%,66,38%,62,47%
Stephen Curry,33.6,GSW,Point,2203,90,55.5%,26,18%,16,13%,36,10%,22,23%,58,6%,92,52%,86,59%
Anthony Davis,28.6,LAL,Big,1402,36,54.3%,42,46%,54,21%,98,23%,92,44%,34,1%,44,8%,38,9%
Ed Davis,32.4,CLE,Big,158,87,64.3%,94,83%,35,17%,0,0%,19,17%,0,0%,0,0%,0,0%
Terence Davis,24.5,SAC,Wing,517,33,51.0%,68,30%,35,12%,29,4%,28,16%,37,12%,79,42%,63,54%
DeMar DeRozan,32.2,CHI,Forward,2737,46,52.4%,23,21%,91,29%,100,41%,100,71%,4,3%,0,5%,0,8%
Dewayne Dedmon,32.2,MIA,Big,1057,75,60.7%,69,60%,50,20%,67,6%,52,26%,41,2%,48,11%,42,13%
Donte DiVincenzo,24.8,MIL,Combo,327,13,43.1%,60,28%,12,11%,6,3%,5,13%,86,18%,74,41%,85,59%
Donte DiVincenzo,24.8,SAC,Combo,660,37,48.6%,36,20%,17,13%,11,4%,11,17%,74,12%,92,51%,87,63%
Mamadi Diakite,24.8,OKC,Big,181,37,54.3%,56,52%,86,32%,66,6%,85,38%,52,4%,35,6%,39,10%
Hamidou Diallo,23.3,DET,Wing,1248,38,51.6%,91,46%,91,27%,69,11%,89,38%,21,8%,4,7%,2,15%
Gorgui Dieng,31.8,ATL,Big,302,66,58.8%,6,22%,16,11%,92,14%,48,25%,59,6%,98,48%,94,53%
Spencer Dinwiddie,28.6,WAS,Point,1330,20,45.1%,34,21%,70,27%,42,11%,64,37%,56,6%,62,36%,64,42%
Spencer Dinwiddie,28.6,DAL,Wing,649,87,58.3%,73,32%,87,24%,41,6%,71,31%,28,10%,38,27%,29,37%
Luka Doncic,22.7,DAL,Point,2299,76,53.0%,28,19%,94,36%,38,10%,82,46%,6,2%,56,34%,46,36%
Luguentz Dort,22.5,OKC,Wing,1664,27,49.6%,65,30%,60,16%,30,4%,42,21%,19,8%,75,42%,52,50%
Ayo Dosunmu,21.8,CHI,Combo,2020,92,58.5%,93,41%,20,13%,65,11%,32,24%,87,18%,10,16%,25,34%
PJ Dozier,25.0,DEN,Forward,332,7,43.8%,18,20%,68,18%,91,19%,84,36%,52,15%,55,29%,51,44%
Goran Dragic,35.5,BKN,Combo,396,21,45.0%,55,25%,72,26%,61,10%,68,37%,51,10%,36,29%,38,38%
Andre Drummond,28.2,BKN,Big,534,76,61.3%,88,80%,46,19%,16,1%,33,20%,0,0%,0,0%,0,0%
Andre Drummond,28.2,PHI,Big,894,36,54.3%,91,81%,45,19%,11,0%,29,19%,0,0%,0,0%,0,0%
Chris Duarte,24.4,IND,Wing,1527,39,51.6%,58,28%,62,17%,88,17%,77,34%,33,11%,36,27%,31,38%
David Duke,22.1,BKN,Wing,295,4,40.6%,97,57%,17,7%,26,3%,14,10%,55,18%,10,15%,18,32%
Kris Dunn,27.6,POR,Forward,335,6,43.6%,66,35%,100,44%,73,11%,97,55%,0,0%,7,10%,1,10%
Kevin Durant,33.1,BKN,Forward,2047,86,57.3%,10,14%,95,34%,98,27%,99,61%,1,2%,35,23%,13,25%
Anthony Edwards,20.2,MIN,Wing,2459,51,53.1%,77,37%,36,12%,44,7%,38,18%,6,5%,71,40%,39,45%
Kessler Edwards,21.2,BKN,Forward,920,38,50.8%,60,32%,27,12%,59,7%,37,19%,86,24%,41,25%,61,49%
CJ Elleby,21.4,POR,Wing,1065,8,45.1%,82,41%,56,16%,43,7%,45,22%,39,13%,27,24%,28,37%
Wayne Ellington,33.9,LAL,Wing,745,83,57.4%,1,5%,3,3%,24,3%,1,6%,86,28%,98,61%,100,90%
Joel Embiid,27.6,PHI,Big,2295,28,53.3%,22,37%,78,28%,96,20%,95,48%,29,1%,53,14%,45,15%
Drew Eubanks,24.7,POR,Big,632,91,65.5%,56,52%,96,37%,54,4%,89,42%,31,1%,33,5%,31,6%
Drew Eubanks,24.7,SAS,Big,557,31,53.6%,66,59%,84,31%,65,6%,79,37%,34,1%,31,3%,28,5%
Derrick Favors,30.3,OKC,Big,652,22,52.2%,29,42%,64,23%,99,27%,96,50%,64,7%,22,1%,35,8%
Dorian Finney-Smith,28.5,DAL,Forward,2638,93,59.7%,47,29%,12,8%,21,2%,7,10%,90,26%,66,35%,81,60%
Malachi Flynn,23.5,TOR,Combo,480,64,51.9%,33,20%,49,19%,80,16%,64,35%,44,8%,63,37%,58,45%
Bryn Forbes,28.3,SAS,Wing,649,48,52.8%,4,8%,72,21%,94,22%,95,43%,32,11%,66,39%,50,49%
Bryn Forbes,28.3,DEN,Combo,590,72,53.4%,3,6%,25,15%,91,21%,65,35%,60,10%,85,48%,81,58%
Trent Forrest,23.4,UTA,Wing,695,34,51.0%,86,42%,100,43%,11,1%,97,44%,29,10%,0,4%,0,14%
Evan Fournier,29.0,NYK,Wing,2357,61,54.4%,11,12%,58,16%,61,10%,57,26%,56,18%,82,44%,72,62%
De'Aaron Fox,23.9,SAC,Point,2074,58,50.8%,62,29%,90,34%,82,17%,90,50%,22,3%,10,17%,10,20%
Tim Frazier,31.0,ORL,Point,199,2,37.2%,2,9%,68,26%,94,28%,94,54%,80,11%,42,26%,50,37%
Melvin Frazier Jr.,25.2,OKC,Combo,119,1,28.1%,94,43%,33,16%,0,0%,8,16%,99,29%,6,12%,47,41%
Markelle Fultz,23.4,ORL,Combo,356,44,49.7%,78,35%,89,30%,97,26%,100,57%,0,1%,2,7%,1,8%
Wenyen Gabriel,24.6,LAL,Forward,291,57,53.4%,99,61%,54,16%,19,2%,33,18%,53,15%,4,6%,9,21%
Daniel Gafford,23.1,WAS,Big,1427,97,69.5%,89,81%,39,17%,35,2%,32,19%,0,0%,0,0%,0,0%
Danilo Gallinari,33.2,ATL,Forward,1657,52,52.8%,14,17%,67,18%,93,21%,86,38%,11,6%,79,39%,54,45%
Darius Garland,21.8,CLE,Point,2424,80,53.6%,50,25%,64,25%,70,14%,72,40%,46,5%,50,31%,44,36%
Marcus Garrett,23.0,MIA,Combo,121,0,23.7%,100,60%,29,15%,19,5%,16,20%,57,10%,5,10%,5,20%
Usman Garuba,19.6,HOU,Big,165,64,58.3%,71,63%,15,11%,0,0%,8,11%,65,7%,61,19%,58,26%
Luka Garza,22.8,DET,Big,332,11,49.6%,41,46%,29,15%,86,11%,51,26%,41,2%,78,26%,65,28%
Rudy Gay,35.2,UTA,Big,1021,18,51.4%,5,20%,51,20%,79,9%,59,29%,90,15%,94,35%,92,51%
Paul George,31.5,LAC,Forward,1073,24,49.2%,24,22%,61,17%,97,24%,88,41%,12,6%,61,31%,38,38%
Taj Gibson,36.4,NYK,Big,939,54,57.1%,48,49%,48,20%,88,11%,66,31%,88,14%,34,6%,51,20%
Josh Giddey,19.1,OKC,Wing,1693,10,46.5%,63,29%,98,33%,49,7%,92,40%,12,6%,29,24%,13,30%
Shai Gilgeous-Alexander,23.3,OKC,Point,1941,48,49.9%,82,34%,84,33%,28,8%,76,41%,10,2%,16,22%,14,24%
Anthony Gill,29.0,WAS,Big,405,74,60.5%,44,47%,88,32%,0,0%,71,32%,81,11%,45,9%,52,20%
Freddie Gillespie,24.4,ORL,Big,118,1,40.9%,28,42%,99,54%,0,0%,98,54%,54,4%,0,0%,27,4%
Rudy Gobert,29.3,UTA,Big,2116,98,71.4%,97,90%,8,9%,9,0%,5,10%,0,0%,18,0%,16,0%
Brandon Goodwin,26.1,CLE,Point,472,36,48.6%,76,32%,74,27%,22,6%,46,33%,44,5%,48,30%,40,34%
Aaron Gordon,26.1,DEN,Forward,2373,87,57.5%,88,48%,51,16%,64,8%,56,23%,37,12%,17,16%,21,29%
Eric Gordon,32.9,HOU,Wing,1669,89,58.7%,71,32%,61,17%,12,1%,39,19%,2,3%,83,46%,51,50%
Devonte' Graham,26.7,NOP,Point,2147,40,48.6%,8,11%,12,10%,60,13%,18,22%,78,10%,98,56%,94,67%
Jerami Grant,27.6,DET,Big,1496,12,49.7%,16,31%,37,17%,98,21%,82,38%,83,12%,66,20%,71,32%
Hassani Gravett,25.3,ORL,Combo,170,98,63.5%,21,15%,19,13%,40,8%,18,21%,81,15%,89,49%,88,64%
Danny Green,34.4,PHI,Wing,1346,71,55.6%,6,9%,8,5%,19,2%,4,7%,100,45%,67,39%,98,84%
Draymond Green,31.7,GSW,Big,1328,49,56.5%,43,47%,82,31%,58,5%,78,36%,54,4%,50,13%,48,17%
JaMychal Green,31.4,DEN,Big,1048,33,54.0%,58,53%,9,9%,58,5%,16,14%,74,10%,70,23%,74,33%
Jalen Green,19.7,HOU,Combo,2116,56,51.1%,82,36%,10,10%,58,10%,15,20%,32,7%,64,37%,54,44%
Javonte Green,28.3,CHI,Forward,1506,96,59.8%,98,59%,35,13%,0,0%,18,13%,66,18%,6,10%,20,28%
Jeff Green,35.2,DEN,Big,1834,56,57.5%,41,46%,55,21%,63,5%,53,26%,91,16%,49,12%,62,27%
Josh Green,21.0,DAL,Wing,928,82,57.3%,84,42%,78,23%,28,4%,58,26%,73,23%,6,9%,17,32%
Blake Griffin,32.6,BKN,Big,936,6,48.3%,36,44%,19,12%,31,2%,14,14%,82,12%,86,31%,88,42%
Quentin Grimes,21.5,NYK,Wing,750,67,54.9%,9,10%,0,2%,52,8%,10,9%,74,23%,94,57%,96,80%
Kyle Guy,24.2,MIA,Combo,148,93,58.7%,20,15%,31,15%,66,11%,38,26%,80,15%,79,43%,82,58%
Rui Hachimura,23.7,WAS,Forward,917,83,56.5%,39,28%,70,18%,96,24%,89,42%,19,9%,34,22%,24,31%
Tyrese Haliburton,21.7,IND,Combo,937,95,60.4%,39,22%,77,28%,73,14%,82,41%,25,6%,45,31%,36,37%
Tyrese Haliburton,21.7,SAC,Combo,1750,82,55.3%,22,15%,80,28%,81,16%,86,44%,28,7%,54,34%,45,40%
R.J. Hampton,20.7,ORL,Combo,1325,25,45.7%,75,33%,68,25%,23,5%,50,30%,38,8%,35,29%,33,36%
Tim Hardaway Jr.,29.6,DAL,Wing,1234,28,49.6%,17,14%,50,14%,91,18%,73,32%,38,12%,77,42%,61,54%
James Harden,32.2,PHI,Point,787,38,48.6%,80,34%,48,21%,10,4%,28,25%,16,2%,68,39%,62,41%
James Harden,32.2,BKN,Point,1626,42,48.9%,72,32%,58,24%,18,4%,34,29%,18,3%,66,37%,52,40%
Maurice Harkless,28.5,SAC,Forward,863,73,54.7%,70,37%,14,9%,15,2%,9,11%,97,33%,26,20%,65,53%
Montrezl Harrell,27.8,WAS,Big,1089,91,65.5%,78,70%,57,21%,69,6%,56,28%,26,0%,26,2%,23,3%
Montrezl Harrell,27.8,CHA,Big,506,88,64.4%,92,82%,28,15%,45,3%,25,18%,0,0%,0,0%,0,0%
Gary Harris,27.1,ORL,Wing,1729,57,53.9%,44,23%,42,12%,78,13%,55,25%,80,25%,39,28%,56,52%
Joe Harris,30.2,BKN,Wing,422,99,62.7%,22,15%,32,11%,27,3%,23,15%,72,23%,85,48%,86,70%
Tobias Harris,29.3,PHI,Forward,2541,56,53.3%,57,32%,96,35%,67,8%,90,43%,14,7%,21,18%,12,25%
Josh Hart,26.7,NOP,Wing,1368,74,55.9%,96,52%,53,14%,31,5%,40,19%,11,6%,22,23%,10,29%
Josh Hart,26.7,POR,Combo,415,94,59.4%,85,38%,30,15%,27,6%,22,21%,12,5%,61,36%,46,41%
Isaiah Hartenstein,23.5,LAC,Big,1118,82,63.0%,66,59%,91,35%,9,0%,76,35%,36,2%,32,4%,31,6%
Jaxson Hayes,21.4,NOP,Big,1347,85,63.6%,74,65%,56,21%,44,3%,45,24%,52,4%,38,7%,40,11%
Killian Hayes,20.3,DET,Point,1619,16,44.0%,52,26%,80,29%,48,12%,74,41%,86,13%,14,21%,36,33%
Gordon Hayward,31.6,CHA,Wing,1561,49,52.8%,62,29%,85,24%,81,14%,88,38%,17,7%,31,26%,20,33%
Juan Hernangomez,26.1,UTA,Big,270,80,62.5%,19,35%,1,4%,0,0%,1,4%,98,29%,91,32%,97,61%
Willy Hernangomez,27.4,NOP,Big,772,16,51.2%,78,69%,72,27%,22,1%,57,28%,24,0%,28,3%,24,3%
Tyler Herro,21.8,MIA,Combo,2109,66,52.4%,34,20%,78,28%,78,16%,84,44%,45,8%,33,28%,32,36%
Buddy Hield,28.9,SAC,Wing,1557,35,51.2%,19,14%,17,8%,59,8%,30,16%,30,10%,95,59%,85,70%
Buddy Hield,28.9,IND,Wing,924,66,54.7%,39,21%,48,13%,74,12%,56,25%,36,12%,78,42%,61,54%
Haywood Highsmith,24.9,MIA,Big,133,16,51.2%,11,27%,21,12%,58,5%,22,17%,99,34%,68,22%,95,56%
George Hill,35.5,MIL,Combo,1235,59,51.3%,74,33%,23,13%,34,7%,17,21%,89,19%,31,27%,60,46%
Malcolm Hill,26.0,CHI,Forward,157,88,57.5%,13,16%,26,12%,44,5%,26,16%,68,19%,94,49%,90,67%
Solomon Hill,30.6,ATL,Forward,124,0,25.0%,54,31%,5,6%,0,0%,2,6%,69,19%,86,44%,84,63%
Jaylen Hoard,22.6,OKC,Wing,233,58,53.9%,88,44%,93,28%,18,2%,70,30%,23,8%,14,18%,6,26%
Aaron Holiday,25.1,WAS,Combo,619,60,51.5%,56,25%,97,38%,30,6%,87,44%,23,6%,22,24%,18,30%
Aaron Holiday,25.1,PHX,Point,310,22,45.3%,44,23%,96,36%,74,15%,92,51%,20,3%,22,24%,18,26%
Jrue Holiday,31.4,MIL,Point,2201,98,57.2%,64,30%,76,28%,44,11%,70,39%,28,3%,46,28%,28,31%
Justin Holiday,32.6,SAC,Wing,637,16,47.3%,34,19%,4,4%,54,8%,17,12%,62,20%,88,49%,84,69%
Justin Holiday,32.6,IND,Wing,1413,72,55.7%,12,12%,9,5%,67,11%,27,15%,70,22%,90,50%,88,72%
Richaun Holmes,28.0,SAC,Big,1071,92,66.1%,65,59%,92,35%,56,5%,88,40%,24,0%,23,1%,19,2%
Rodney Hood,29.0,MIL,Forward,527,15,45.7%,9,13%,32,13%,85,14%,69,27%,74,20%,81,40%,80,60%
Al Horford,35.4,BOS,Big,2003,41,54.9%,8,25%,67,24%,74,7%,64,31%,85,13%,87,31%,91,44%
Talen Horton-Tucker,20.9,LAL,Wing,1470,11,46.6%,87,42%,67,18%,61,9%,62,28%,13,7%,25,23%,12,30%
Danuel House,28.4,UTA,Wing,482,90,59.2%,54,27%,27,10%,20,2%,19,13%,98,36%,30,25%,70,60%
Danuel House,28.4,HOU,Forward,220,10,44.1%,71,37%,22,11%,76,11%,54,23%,59,17%,37,24%,43,41%
Dwight Howard,35.9,LAL,Big,950,80,62.5%,91,81%,22,13%,38,3%,18,15%,27,1%,29,3%,26,4%
Markus Howard,22.7,DEN,Combo,110,67,52.5%,10,11%,25,14%,52,9%,26,23%,78,14%,94,52%,91,66%
Kevin Huerter,23.2,ATL,Wing,2177,77,56.0%,20,14%,75,22%,65,10%,74,32%,47,15%,64,38%,60,53%
Elijah Hughes,23.6,POR,Forward,271,1,35.6%,2,10%,77,19%,79,12%,78,31%,54,15%,87,44%,78,59%
DeAndre Hunter,23.9,ATL,Forward,1575,39,51.0%,50,30%,83,23%,88,15%,87,39%,45,13%,20,18%,27,31%
Nah'Shon Hyland,21.1,DEN,Combo,1252,58,51.3%,35,20%,21,13%,44,8%,23,21%,64,11%,86,48%,83,59%
Serge Ibaka,32.1,LAC,Big,534,44,55.5%,9,26%,76,28%,93,15%,91,44%,40,2%,82,28%,68,30%
Serge Ibaka,32.1,MIL,Big,330,67,58.9%,14,30%,61,22%,89,13%,75,35%,62,7%,84,29%,78,36%
Andre Iguodala,37.8,GSW,Forward,598,17,46.6%,49,30%,11,8%,46,5%,17,13%,80,23%,65,34%,73,57%
Joe Ingles,34.1,UTA,Forward,1117,61,54.1%,3,10%,21,11%,12,1%,12,12%,72,20%,98,58%,98,78%
Brandon Ingram,24.2,NOP,Forward,1865,29,49.9%,19,20%,88,26%,99,33%,98,59%,2,3%,19,18%,7,21%
Kyrie Irving,29.6,BKN,Combo,1083,79,55.0%,19,15%,75,27%,89,21%,93,48%,22,6%,44,31%,35,37%
Frank Jackson,23.5,DET,Combo,1147,41,49.5%,49,24%,28,15%,31,7%,24,22%,90,19%,59,36%,78,55%
Isaiah Jackson,19.8,IND,Big,495,57,57.5%,82,74%,26,14%,55,5%,31,19%,26,0%,37,6%,32,7%
Jaren Jackson,22.1,MEM,Big,2112,5,47.8%,18,33%,84,31%,20,1%,69,32%,62,7%,82,28%,76,35%
Josh Jackson,24.7,DET,Forward,676,16,46.4%,52,30%,69,18%,70,10%,71,28%,40,13%,54,29%,46,42%
Josh Jackson,24.7,SAC,Forward,109,3,41.1%,86,47%,16,9%,90,17%,67,26%,9,6%,30,21%,17,26%
Reggie Jackson,31.5,LAC,Combo,2331,27,46.7%,38,21%,60,22%,83,17%,78,39%,39,8%,48,32%,43,40%
LeBron James,36.8,LAL,Big,2078,67,58.9%,32,42%,15,11%,90,13%,42,24%,46,3%,88,31%,75,34%
Ty Jerome,24.3,OKC,Combo,759,29,47.2%,14,13%,88,30%,14,5%,63,34%,58,10%,78,42%,76,53%
Isaiah Joe,22.3,PHI,Combo,518,61,51.5%,5,8%,4,6%,59,10%,9,16%,97,27%,88,48%,96,76%
Cameron Johnson,25.7,PHX,Forward,1670,94,59.7%,17,19%,39,14%,54,6%,43,20%,87,24%,73,37%,82,61%
James Johnson,34.7,BKN,Big,1139,13,50.3%,62,56%,28,15%,48,3%,26,18%,75,10%,55,15%,57,25%
Keldon Johnson,21.9,SAS,Forward,2390,72,54.7%,59,32%,89,27%,38,4%,81,31%,20,9%,51,28%,33,37%
Keon Johnson,19.6,LAC,Wing,111,3,36.5%,92,47%,73,21%,83,14%,81,35%,43,14%,1,5%,5,19%
Keon Johnson,19.6,POR,Combo,491,17,44.1%,76,34%,57,21%,22,5%,37,26%,18,5%,56,34%,41,40%
Stanley Johnson,25.4,LAL,Forward,1055,69,54.6%,74,38%,81,20%,53,6%,63,25%,60,17%,27,20%,36,37%
Nikola Jokic,26.7,DEN,Big,2473,79,62.3%,26,40%,86,32%,76,8%,86,40%,29,1%,63,19%,51,20%
Damian Jones,26.3,SAC,Big,977,94,68.2%,73,64%,34,16%,84,10%,55,27%,42,2%,38,6%,36,9%
Herbert Jones,23.1,NOP,Forward,2321,48,52.5%,91,50%,48,16%,63,7%,55,23%,50,14%,9,12%,18,27%
Tre Jones,21.8,SAS,Combo,1064,62,51.8%,92,40%,98,39%,46,8%,92,48%,27,7%,1,5%,3,12%
Tyus Jones,25.5,MEM,Combo,1524,70,53.2%,17,13%,99,41%,57,10%,95,51%,43,8%,32,28%,29,36%
Derrick Jones Jr.,24.7,CHI,Big,861,71,59.3%,72,64%,5,8%,12,0%,2,8%,95,20%,41,8%,64,28%
DeAndre Jordan,33.3,LAL,Big,393,92,66.3%,99,93%,1,6%,18,1%,1,7%,0,0%,0,0%,0,0%
DeAndre Jordan,33.3,PHI,Big,196,61,58.0%,98,91%,6,9%,0,0%,4,9%,0,0%,0,0%,0,0%
Cory Joseph,30.2,DET,Combo,1590,69,53.1%,71,32%,53,19%,70,13%,54,32%,55,10%,25,26%,28,36%
Georgios Kalaitzakis,22.8,OKC,Big,165,31,53.6%,31,42%,21,13%,87,11%,40,23%,61,6%,81,28%,76,34%
Frank Kaminsky,28.6,PHX,Big,167,80,62.5%,36,44%,94,36%,25,2%,85,38%,35,2%,59,17%,49,18%
Enes Kanter,29.5,BOS,Big,365,21,51.9%,84,76%,48,20%,35,2%,38,22%,0,0%,27,2%,21,2%
Luke Kennard,25.4,LAC,Wing,1893,91,59.6%,3,8%,46,13%,83,14%,59,27%,28,10%,94,56%,78,66%
Braxton Key,24.7,DET,Forward,190,37,50.7%,89,49%,71,18%,60,7%,62,25%,38,13%,15,14%,16,26%
Corey Kispert,22.7,WAS,Wing,1731,84,57.6%,47,24%,29,11%,32,5%,26,15%,66,22%,68,39%,72,61%
Maxi Kleber,29.8,DAL,Big,1435,19,51.6%,5,21%,2,7%,52,4%,7,11%,94,17%,100,52%,99,69%
Nathan Knight,24.1,MIN,Big,179,26,53.2%,79,70%,37,17%,0,0%,21,17%,45,3%,46,10%,41,13%
John Konchar,25.6,MEM,Wing,1135,97,61.8%,80,38%,28,11%,33,5%,29,16%,77,24%,21,22%,45,46%
Furkan Korkmaz,24.3,PHI,Wing,1342,20,48.0%,46,23%,63,17%,45,7%,52,24%,39,13%,69,40%,57,53%
Vit Krejci,21.4,OKC,Forward,670,53,53.2%,29,25%,57,16%,40,4%,47,20%,39,13%,83,43%,69,55%
Jonathan Kuminga,19.1,GSW,Big,1072,45,55.6%,52,50%,56,21%,37,2%,42,24%,73,10%,58,16%,59,26%
Kyle Kuzma,26.3,WAS,Big,2203,24,52.3%,10,27%,75,27%,81,10%,81,37%,69,9%,81,27%,79,36%
Zach LaVine,26.6,CHI,Wing,2322,72,55.6%,76,34%,37,12%,89,17%,68,29%,9,6%,46,31%,27,36%
Jeremy Lamb,29.4,SAC,Wing,317,17,47.4%,26,16%,97,31%,73,12%,96,43%,22,8%,54,33%,35,41%
Jeremy Lamb,29.4,IND,Wing,577,23,48.3%,16,13%,95,30%,72,12%,93,41%,35,12%,57,34%,42,46%
Jock Landale,26.0,SAS,Big,513,38,54.7%,39,45%,14,11%,39,3%,14,13%,74,10%,89,32%,86,41%
Romeo Langford,22.0,BOS,Wing,672,26,49.1%,72,32%,80,23%,34,5%,64,28%,81,25%,12,15%,34,40%
Jake Layman,27.7,MIN,Forward,118,68,54.4%,77,39%,53,16%,29,3%,35,18%,83,24%,22,18%,47,42%
Caris LeVert,27.2,IND,Combo,1213,42,49.6%,63,28%,94,36%,35,7%,83,43%,8,4%,23,24%,16,28%
Caris LeVert,27.2,CLE,Wing,566,21,48.1%,70,31%,99,36%,40,6%,94,42%,0,3%,26,23%,9,27%
Damion Lee,29.0,GSW,Wing,1157,53,53.3%,41,22%,65,18%,76,12%,67,29%,61,20%,41,28%,49,48%
Saben Lee,22.4,DET,Point,553,10,42.3%,98,51%,34,17%,4,2%,10,20%,60,6%,18,23%,24,30%
Alex Len,28.4,SAC,Big,616,40,54.9%,55,52%,95,37%,18,1%,83,38%,47,3%,41,8%,39,11%
Kira Lewis Jr.,20.6,NOP,Point,301,28,47.6%,66,30%,78,28%,24,6%,54,35%,74,9%,38,26%,42,35%
Damian Lillard,31.3,POR,Point,1054,46,49.8%,68,30%,10,10%,62,13%,20,23%,26,3%,76,44%,72,47%
Nassir Little,21.7,POR,Forward,1050,63,54.2%,72,37%,24,11%,65,8%,38,19%,35,12%,62,32%,52,44%
Isaiah Livers,23.3,DET,Wing,381,95,60.6%,33,19%,12,6%,57,8%,24,15%,89,29%,63,38%,81,67%
Kevon Looney,25.7,GSW,Big,1729,54,57.1%,81,72%,42,18%,82,10%,58,28%,0,0%,17,0%,15,0%
Brook Lopez,33.6,MIL,Big,293,32,53.8%,22,36%,59,22%,50,4%,50,25%,86,14%,72,25%,83,38%
Robin Lopez,33.6,ORL,Big,592,43,55.3%,25,40%,100,58%,24,1%,99,59%,0,0%,24,1%,19,1%
Didi Louzada,22.3,POR,Combo,120,88,56.9%,8,10%,42,17%,32,7%,30,24%,93,21%,82,45%,90,66%
Kevin Love,33.1,CLE,Big,1662,44,55.3%,2,15%,26,14%,82,10%,47,25%,76,11%,99,49%,96,60%
Kyle Lowry,35.6,MIA,Point,2136,92,56.2%,22,18%,20,14%,46,11%,30,25%,76,9%,84,47%,84,57%
Timothe Luwawu-Cabarrot,26.5,ATL,Wing,615,45,52.5%,53,26%,13,6%,15,2%,7,8%,96,34%,50,31%,77,65%
Trey Lyles,26.0,SAC,Big,542,46,55.6%,46,48%,44,18%,43,3%,36,21%,71,9%,67,21%,69,31%
Trey Lyles,26.0,DET,Big,982,19,51.6%,30,42%,48,20%,65,6%,49,25%,63,7%,77,26%,74,33%
Theo Maledon,20.4,OKC,Combo,873,18,44.2%,54,25%,91,31%,7,3%,59,34%,40,8%,52,34%,49,42%
Sandro Mamukelashvili,22.4,MIL,Big,325,35,54.3%,47,49%,18,12%,32,2%,15,14%,78,11%,79,27%,81,38%
Terance Mann,25.0,LAC,Combo,2250,75,54.0%,89,40%,64,23%,63,11%,58,34%,66,12%,8,15%,14,27%
Tre Mann,20.7,OKC,Combo,1326,32,47.8%,32,19%,82,28%,55,10%,72,38%,36,8%,60,36%,51,43%
Boban Marjanovic,33.2,DAL,Big,104,73,60.3%,45,48%,99,48%,45,3%,97,51%,0,0%,24,2%,20,2%
Lauri Markkanen,24.4,CLE,Forward,1874,70,54.6%,48,29%,47,15%,45,5%,44,20%,33,11%,80,39%,64,51%
Naji Marshall,23.8,NOP,Wing,629,6,43.3%,85,42%,71,19%,35,5%,53,25%,41,14%,17,20%,23,33%
Caleb Martin,26.1,MIA,Forward,1303,91,59.2%,84,46%,36,13%,55,7%,40,20%,65,18%,18,16%,29,34%
Cody Martin,26.1,CHA,Wing,1810,78,56.0%,94,47%,30,11%,46,7%,35,18%,68,22%,6,13%,26,35%
Kelan Martin,26.2,IND,Forward,412,26,49.4%,44,29%,28,12%,87,15%,70,27%,57,16%,50,27%,50,44%
Kenyon Martin Jr.,20.8,HOU,Forward,1547,90,58.1%,96,57%,31,13%,0,0%,14,13%,18,9%,31,21%,23,30%
Garrison Mathews,25.0,HOU,Wing,1668,68,55.1%,18,14%,5,4%,16,2%,0,6%,60,20%,96,60%,95,80%
Wesley Matthews,35.0,MIL,Wing,986,37,51.4%,39,21%,21,9%,13,1%,13,10%,87,29%,70,40%,83,69%
Tyrese Maxey,21.0,PHI,Combo,2637,84,55.8%,75,34%,75,27%,62,11%,73,38%,21,6%,19,22%,15,28%
Skylar Mays,24.2,ATL,Combo,166,83,55.8%,95,44%,7,8%,40,8%,7,15%,76,13%,30,27%,44,40%
Miles McBride,21.1,NYK,Point,324,8,41.2%,20,17%,2,7%,58,13%,8,20%,100,17%,80,46%,90,63%
CJ McCollum,30.1,NOP,Combo,878,87,56.4%,27,17%,87,29%,88,19%,94,49%,3,3%,47,31%,24,34%
CJ McCollum,30.1,POR,Wing,1261,41,52.0%,28,17%,83,24%,90,18%,94,41%,18,8%,58,34%,36,42%
TJ McConnell,29.6,IND,Point,637,64,51.3%,90,37%,98,38%,40,10%,84,48%,52,6%,0,9%,0,15%
Jaden McDaniels,21.1,MIN,Forward,1771,66,54.4%,65,35%,65,17%,39,4%,52,21%,81,23%,29,21%,49,44%
Jalen McDaniels,23.8,CHA,Wing,829,75,55.9%,78,37%,77,22%,8,1%,50,24%,50,16%,23,23%,32,39%
Doug McDermott,29.8,SAS,Forward,1220,89,57.7%,26,23%,59,17%,51,5%,53,22%,29,11%,84,43%,68,55%
JaVale McGee,33.8,PHX,Big,1152,84,63.1%,76,67%,78,28%,39,3%,66,31%,0,0%,25,2%,21,2%
Rodney McGruder,30.3,DET,Wing,703,86,58.3%,43,23%,49,13%,28,3%,32,17%,93,32%,42,29%,71,60%
Alfonzo McKinnie,29.1,CHI,Forward,184,19,47.1%,66,35%,46,15%,52,6%,48,20%,76,20%,38,24%,53,44%
Jordan McLaughlin,25.6,MIN,Point,822,72,52.0%,92,39%,42,20%,0,2%,14,21%,94,15%,26,24%,56,40%
Ben McLemore,28.7,POR,Wing,1225,65,54.6%,13,13%,1,2%,64,10%,18,12%,83,25%,89,49%,93,75%
De'Anthony Melton,23.4,MEM,Combo,1612,55,50.7%,42,22%,47,18%,49,9%,43,27%,47,9%,76,42%,69,50%
Chimezie Metu,24.6,SAC,Big,1239,15,51.1%,15,31%,69,24%,71,7%,65,31%,85,13%,78,26%,84,38%
Khris Middleton,30.2,MIL,Forward,2133,45,52.3%,11,15%,84,24%,94,21%,93,45%,5,5%,71,36%,44,41%
Patty Mills,33.2,BKN,Combo,2310,81,55.2%,6,8%,1,5%,77,16%,20,21%,91,20%,93,51%,94,71%
Paul Millsap,36.7,BKN,Big,262,1,41.5%,39,45%,68,24%,36,2%,52,26%,81,11%,61,17%,66,28%
Shake Milton,25.1,PHI,Combo,1105,45,49.7%,67,31%,85,29%,51,9%,75,38%,48,9%,21,22%,19,31%
Davion Mitchell,23.2,SAC,Combo,2019,33,47.9%,57,26%,38,16%,93,21%,71,38%,15,5%,46,31%,34,37%
Donovan Mitchell,25.1,UTA,Combo,2263,73,53.5%,44,22%,65,23%,54,10%,57,33%,14,5%,69,40%,56,45%
Evan Mobley,20.4,CLE,Big,2322,23,52.3%,40,46%,90,34%,85,11%,93,45%,42,2%,40,8%,38,10%
Malik Monk,23.7,LAL,Combo,2096,90,57.7%,68,31%,24,14%,13,5%,13,19%,52,10%,73,41%,70,51%
Moses Moody,19.4,GSW,Wing,513,69,55.3%,61,29%,10,6%,55,8%,20,14%,64,21%,61,37%,66,57%
Xavier Moon,26.8,LAC,Point,125,60,51.0%,6,10%,52,22%,98,40%,96,62%,4,2%,40,26%,22,28%
Ja Morant,22.2,MEM,Point,1881,78,53.0%,94,43%,92,34%,14,4%,68,38%,8,2%,8,17%,6,19%
Marcus Morris,32.2,LAC,Big,1563,15,51.2%,0,8%,80,29%,99,26%,98,54%,69,9%,83,28%,81,38%
Markieff Morris,32.2,MIA,Big,286,34,54.1%,6,21%,76,28%,95,19%,94,47%,91,16%,56,16%,71,32%
Monte Morris,26.3,DEN,Point,2234,94,56.4%,42,23%,30,16%,92,22%,66,38%,90,14%,34,26%,54,40%
Mychal Mulder,27.4,ORL,Combo,171,11,41.7%,24,16%,14,11%,17,5%,10,16%,75,13%,96,54%,93,67%
Trey Murphy III,21.4,NOP,Forward,762,30,50.0%,37,26%,7,7%,32,3%,6,10%,91,27%,74,37%,87,64%
Dejounte Murray,25.1,SAS,Point,2364,50,50.0%,58,28%,82,29%,88,20%,86,50%,40,4%,12,18%,12,22%
Mike Muscala,30.3,OKC,Big,588,74,60.4%,4,20%,14,11%,74,7%,24,18%,79,11%,99,52%,98,63%
Sviatoslav Mykhailiuk,24.4,TOR,Wing,659,19,47.8%,60,29%,40,12%,42,6%,39,19%,57,18%,59,35%,58,53%
Abdel Nader,28.1,PHX,Wing,127,9,46.2%,89,45%,85,24%,0,0%,51,24%,51,17%,8,14%,14,31%
Larry Nance Jr.,28.8,NOP,Big,176,83,63.0%,67,59%,53,20%,68,6%,54,27%,66,8%,36,6%,42,14%
Larry Nance Jr.,28.8,POR,Big,841,52,56.8%,49,50%,41,18%,57,5%,39,23%,67,9%,64,19%,64,28%
Aaron Nesmith,22.0,BOS,Wing,440,6,42.1%,37,20%,47,13%,25,3%,31,16%,84,27%,62,37%,75,64%
Raul Neto,29.5,WAS,Combo,1315,54,50.6%,69,31%,96,38%,29,6%,85,44%,6,4%,18,21%,11,25%
Georges Niang,28.4,PHI,Big,1683,61,57.9%,3,16%,30,15%,29,2%,22,17%,95,22%,97,45%,98,67%
Daishen Nix,19.7,HOU,Point,210,44,49.0%,100,55%,32,16%,2,2%,6,18%,24,3%,24,24%,20,27%
Zeke Nnaji,20.8,DEN,Big,625,71,59.9%,50,50%,7,9%,64,5%,17,15%,92,16%,64,19%,77,35%
Nerlens Noel,27.6,NYK,Big,554,34,54.2%,68,60%,83,31%,69,6%,81,37%,48,3%,0,0%,25,3%
Jaylen Nowell,22.3,MIN,Combo,888,89,57.2%,61,28%,86,29%,39,8%,70,37%,41,8%,29,27%,27,35%
Frank Ntilikina,23.3,DAL,Wing,592,18,47.6%,24,15%,68,19%,87,15%,80,35%,59,19%,47,31%,53,50%
Jusuf Nurkic,27.2,POR,Big,1574,39,54.7%,74,65%,65,23%,54,4%,56,27%,22,0%,42,8%,35,8%
David Nwaba,28.8,HOU,Forward,507,44,52.1%,97,58%,66,18%,6,1%,34,18%,29,11%,12,13%,11,24%
Jordan Nwora,23.1,MIL,Wing,1054,32,50.9%,49,24%,45,13%,86,15%,61,27%,48,16%,53,33%,50,49%
Royce O'Neale,28.4,UTA,Wing,2399,92,59.9%,50,26%,14,7%,5,0%,6,7%,75,23%,81,43%,81,67%
Semi Ojeleye,26.9,MIL,Big,268,0,27.9%,1,11%,79,29%,26,2%,62,30%,96,27%,89,32%,96,59%
Chuma Okeke,23.2,ORL,Forward,1667,20,47.9%,21,21%,38,14%,41,4%,32,18%,56,16%,89,45%,83,61%
Josh Okogie,23.2,MIN,Forward,452,9,44.0%,95,56%,4,6%,10,1%,3,7%,89,25%,10,12%,35,37%
Onyeka Okongwu,20.9,ATL,Big,967,95,68.7%,86,78%,52,20%,21,1%,37,22%,0,0%,0,0%,0,0%
Isaac Okoro,20.8,CLE,Wing,1980,62,54.5%,98,58%,23,9%,14,1%,16,11%,79,24%,5,7%,16,32%
KZ Okpala,22.5,MIA,Big,200,2,43.8%,28,42%,71,25%,48,3%,58,28%,94,20%,47,10%,67,30%
Victor Oladipo,29.5,MIA,Combo,163,96,61.4%,62,28%,13,11%,69,13%,29,24%,31,7%,72,41%,64,48%
Kelly Olynyk,30.5,DET,Big,759,20,51.8%,23,38%,31,15%,78,9%,43,24%,39,2%,95,36%,82,38%
Cedi Osman,26.6,CLE,Forward,1440,71,54.6%,43,28%,23,11%,24,2%,19,14%,32,11%,93,47%,76,58%
Kelly Oubre,25.9,CHA,Forward,1931,55,53.3%,51,30%,30,12%,23,2%,21,15%,67,18%,76,37%,70,55%
Kevin Pangos,28.8,CLE,Combo,121,3,30.9%,7,9%,74,26%,25,6%,56,32%,4,3%,98,56%,84,59%
Jabari Parker,26.6,BOS,Big,102,72,60.0%,12,28%,24,14%,94,17%,62,31%,92,17%,74,25%,87,42%
Eric Paschall,25.0,UTA,Big,650,51,56.7%,31,42%,36,17%,27,2%,28,19%,96,23%,56,16%,84,39%
Chris Paul,36.5,PHX,Point,2134,82,54.1%,0,5%,88,33%,96,36%,100,69%,12,2%,20,23%,16,26%
Cameron Payne,27.2,PHX,Combo,1216,28,47.1%,53,25%,93,35%,26,6%,81,41%,7,4%,43,31%,25,34%
Elfrid Payton,27.7,PHX,Combo,433,7,37.6%,86,39%,100,49%,18,5%,96,54%,13,5%,0,3%,0,8%
Gary Payton II,28.9,GSW,Combo,1207,99,67.6%,99,54%,22,13%,2,1%,6,14%,92,20%,7,12%,22,33%
Reggie Perry,21.6,POR,Big,168,30,53.4%,42,47%,70,25%,84,10%,76,35%,35,1%,59,17%,49,18%
Jamorko Pickett,23.9,DET,Big,155,8,48.9%,1,8%,27,15%,34,2%,19,17%,97,27%,98,48%,100,75%
Theo Pinson,26.0,DAL,Wing,118,39,51.6%,21,15%,20,9%,60,9%,33,18%,10,6%,99,62%,83,68%
Mason Plumlee,31.7,CHA,Big,1787,88,64.4%,93,83%,35,17%,15,1%,24,17%,0,0%,0,0%,0,0%
Jakob Poeltl,26.0,SAS,Big,1967,78,61.7%,61,56%,97,42%,29,2%,91,44%,0,0%,0,0%,0,0%
Aleksej Pokusevski,19.8,OKC,Big,1200,4,47.3%,12,28%,69,24%,70,7%,64,31%,68,9%,91,33%,86,41%
Jordan Poole,22.4,GSW,Combo,2232,80,55.1%,47,23%,40,17%,45,8%,35,25%,49,9%,77,42%,73,51%
Kevin Porter,21.5,HOU,Point,1905,68,51.4%,60,28%,24,15%,32,9%,24,23%,50,5%,74,43%,74,48%
Michael Porter,23.3,DEN,Wing,264,5,41.2%,45,23%,24,10%,95,22%,72,32%,6,5%,72,40%,39,45%
Otto Porter,28.4,GSW,Forward,1373,82,56.2%,28,24%,55,16%,72,11%,68,27%,44,13%,70,36%,60,49%
Bobby Portis,26.7,MIL,Big,2019,45,55.6%,11,27%,65,23%,88,12%,78,36%,89,15%,69,22%,80,37%
Kristaps Porzingis,26.3,WAS,Big,478,28,53.3%,8,26%,89,33%,94,15%,95,48%,32,1%,75,25%,59,26%
Kristaps Porzingis,26.3,DAL,Big,1001,12,50.1%,14,30%,73,27%,91,13%,87,40%,33,1%,84,29%,68,30%
Dwight Powell,30.3,DAL,Big,1793,96,68.9%,88,80%,9,9%,38,2%,10,12%,36,2%,35,6%,34,8%
Norman Powell,28.4,POR,Wing,1331,63,54.6%,75,34%,61,16%,79,13%,69,29%,40,13%,28,24%,28,37%
Norman Powell,28.4,LAC,Wing,120,94,60.5%,67,30%,94,29%,56,8%,87,37%,15,7%,32,26%,19,33%
Joshua Primo,18.9,SAS,Forward,910,13,45.2%,40,28%,78,19%,56,7%,64,25%,61,17%,57,30%,57,47%
Taurean Prince,27.6,MIN,Forward,1172,84,56.6%,33,25%,49,16%,48,5%,50,21%,88,25%,56,30%,67,54%
Payton Pritchard,23.8,BOS,Point,881,100,58.0%,10,11%,6,8%,56,13%,12,21%,88,13%,96,55%,96,68%
Immanuel Quickley,22.4,NYK,Combo,1757,39,48.9%,13,13%,71,26%,56,10%,66,36%,19,6%,83,46%,72,51%
Julius Randle,26.9,NYK,Big,2537,3,46.0%,16,32%,52,20%,96,20%,88,40%,50,4%,72,25%,66,28%
Austin Reaves,23.4,LAL,Wing,1360,70,55.3%,69,31%,57,16%,47,7%,48,23%,46,15%,49,31%,46,46%
Cameron Reddish,22.2,NYK,Forward,198,18,46.7%,76,38%,60,17%,61,7%,57,24%,41,13%,44,25%,39,38%
Cameron Reddish,22.2,ATL,Forward,780,21,48.1%,46,29%,62,17%,83,13%,77,30%,43,13%,53,28%,41,41%
Davon Reed,26.4,DEN,Forward,608,98,62.2%,16,19%,29,12%,89,16%,72,28%,63,18%,67,35%,66,53%
Paul Reed,22.4,PHI,Big,237,63,58.2%,85,76%,29,15%,42,3%,25,18%,57,6%,0,0%,29,6%
Naz Reid,22.2,MIN,Big,1144,35,54.3%,55,52%,39,17%,8,0%,23,17%,65,8%,71,24%,70,31%
Nick Richards,23.9,CHA,Big,278,94,68.2%,92,82%,45,18%,0,0%,26,18%,0,0%,0,0%,0,0%
Josh Richardson,28.1,BOS,Combo,1065,68,53.0%,28,17%,58,21%,85,18%,79,39%,63,11%,50,33%,52,44%
Josh Richardson,28.1,SAS,Combo,512,74,53.7%,23,16%,61,22%,79,16%,74,38%,24,6%,70,40%,59,46%
Austin Rivers,29.3,DEN,Wing,1427,60,54.2%,48,24%,33,11%,7,1%,17,12%,91,30%,55,34%,74,64%
Duncan Robinson,27.5,MIA,Wing,2015,73,55.8%,7,9%,6,4%,17,2%,2,6%,71,22%,100,63%,99,85%
Justin Robinson,24.1,MIL,Point,156,14,42.9%,4,10%,8,10%,50,12%,16,21%,98,17%,94,52%,100,69%
Mitchell Robinson,23.6,NYK,Big,1847,100,76.1%,100,97%,0,3%,0,0%,0,3%,0,0%,0,0%,0,0%
Jeremiah Robinson-Earl,21.0,OKC,Big,1068,11,49.7%,18,34%,24,14%,64,6%,32,19%,86,14%,92,34%,92,47%
Isaiah Roby,23.7,OKC,Big,908,70,59.0%,45,48%,66,24%,33,2%,51,26%,64,7%,62,19%,60,26%
Rajon Rondo,35.7,LAL,Point,270,6,38.8%,86,36%,46,21%,6,3%,26,24%,64,7%,54,33%,60,40%
Rajon Rondo,35.7,CLE,Combo,407,51,50.5%,50,24%,51,19%,15,5%,28,24%,37,8%,81,45%,75,52%
Derrick Rose,33.1,NYK,Point,629,66,51.3%,70,31%,62,25%,54,12%,60,37%,54,6%,36,26%,30,32%
Terrence Ross,30.7,ORL,Wing,1447,15,47.3%,28,16%,69,19%,92,19%,90,38%,16,7%,65,39%,43,46%
Terry Rozier,27.6,CHA,Combo,2437,75,53.9%,48,24%,45,17%,53,10%,42,27%,88,19%,42,31%,68,49%
Ricky Rubio,31.0,CLE,Combo,964,15,43.9%,52,24%,62,22%,75,15%,69,37%,75,13%,26,27%,40,39%
D'Angelo Russell,25.7,MIN,Point,2076,56,50.5%,16,16%,38,19%,72,15%,50,33%,42,5%,78,46%,78,50%
Domantas Sabonis,25.5,IND,Big,1624,75,60.9%,71,63%,32,16%,53,4%,34,20%,43,2%,52,14%,46,17%
Domantas Sabonis,25.5,SAC,Big,504,49,56.4%,62,57%,71,26%,81,9%,79,36%,25,0%,39,7%,34,7%
Olivier Sarr,22.7,OKC,Big,400,89,64.7%,33,43%,72,27%,61,5%,69,32%,60,6%,62,19%,56,25%
Tomas Satoransky,30.0,NOP,Combo,457,2,30.7%,77,35%,76,27%,66,11%,75,39%,20,6%,17,21%,13,26%
Tomas Satoransky,30.0,WAS,Combo,412,63,51.9%,72,32%,79,28%,84,18%,90,46%,29,7%,9,16%,7,22%
Admiral Schofield,24.6,ORL,Forward,414,78,55.4%,32,25%,45,15%,9,1%,23,16%,82,23%,72,36%,79,59%
Dennis Schroder,28.1,HOU,Combo,404,26,46.4%,64,28%,32,15%,87,19%,60,34%,1,3%,58,35%,37,38%
Dennis Schroder,28.1,BOS,Point,1421,52,50.3%,54,27%,60,25%,86,19%,80,44%,36,4%,32,26%,26,30%
Alperen Sengun,19.3,HOU,Big,1442,18,51.3%,63,58%,59,22%,32,2%,41,24%,37,2%,60,17%,50,19%
Collin Sexton,22.8,CLE,Wing,314,28,49.7%,83,41%,89,25%,50,7%,75,33%,7,5%,18,21%,8,26%
Landry Shamet,24.6,PHX,Wing,1357,43,52.4%,14,13%,44,12%,53,8%,41,20%,65,21%,83,45%,80,67%
Day'Ron Sharpe,20.0,BKN,Big,304,48,56.2%,95,88%,11,10%,16,1%,9,11%,0,0%,21,1%,18,1%
Pascal Siakam,27.6,TOR,Forward,2574,49,52.6%,56,32%,99,37%,86,15%,96,52%,3,3%,14,13%,4,16%
Anfernee Simons,22.4,POR,Combo,1661,86,56.3%,25,17%,39,16%,74,14%,47,30%,16,5%,87,48%,77,53%
Zavier Simpson,24.7,OKC,Point,174,4,37.5%,84,35%,100,44%,20,6%,88,50%,0,0%,4,15%,4,15%
Jericho Sims,23.0,NYK,Big,510,99,76.1%,98,91%,2,7%,28,2%,3,9%,0,0%,0,0%,0,0%
Javonte Smart,22.4,MIL,Combo,142,4,34.2%,65,29%,16,12%,75,15%,41,27%,33,7%,62,37%,53,44%
Marcus Smart,27.7,BOS,Combo,2293,46,49.8%,46,23%,70,26%,12,4%,46,30%,72,12%,57,35%,61,47%
Ish Smith,33.3,CHA,Combo,448,14,43.8%,73,33%,90,31%,96,24%,98,55%,5,3%,3,9%,4,12%
Ish Smith,33.3,WAS,Point,597,34,48.5%,24,18%,56,23%,100,44%,98,67%,48,5%,2,9%,2,15%
Jalen Smith,21.6,PHX,Big,313,22,52.3%,38,44%,66,23%,77,8%,67,31%,56,5%,64,19%,54,24%
Jalen Smith,21.6,IND,Big,533,72,60.1%,24,39%,44,18%,68,6%,46,24%,82,12%,74,25%,79,37%
Dennis Smith Jr.,23.9,POR,Combo,556,19,44.2%,98,52%,67,25%,68,12%,67,36%,2,3%,4,9%,2,12%
Tony Snell,30.0,POR,Forward,521,30,50.0%,4,11%,19,11%,22,2%,15,13%,100,41%,69,36%,96,77%
Tony Snell,30.0,NOP,Wing,247,98,62.3%,15,13%,25,10%,0,0%,11,10%,99,36%,72,41%,94,77%
Cassius Stanley,22.2,DET,Wing,139,36,51.2%,81,41%,88,25%,21,2%,60,27%,57,18%,7,14%,17,32%
Lance Stephenson,31.2,IND,Combo,717,52,50.5%,80,36%,18,13%,98,27%,80,40%,9,4%,16,21%,10,25%
Lamar Stevens,24.3,CLE,Wing,956,40,51.8%,94,48%,79,23%,72,11%,79,34%,34,11%,3,7%,3,18%
Isaiah Stewart,20.4,DET,Big,1806,24,52.5%,82,72%,25,14%,61,5%,31,19%,28,1%,43,8%,36,9%
Max Strus,25.6,MIA,Wing,1524,96,61.2%,30,17%,7,4%,17,2%,3,6%,67,22%,93,55%,94,77%
Jalen Suggs,20.4,ORL,Combo,1276,9,39.9%,88,39%,52,19%,48,9%,44,28%,10,4%,34,28%,21,32%
Keifer Sykes,27.8,IND,Point,524,18,44.6%,32,21%,14,12%,90,21%,48,33%,92,14%,52,32%,68,46%
Jae'Sean Tate,26.0,HOU,Forward,2047,64,54.2%,94,55%,79,19%,7,1%,45,20%,27,11%,16,15%,14,25%
Jayson Tatum,23.7,BOS,Forward,2726,50,52.7%,53,31%,74,18%,80,13%,79,31%,6,5%,63,33%,40,38%
Terry Taylor,22.1,IND,Forward,669,99,64.6%,100,64%,76,19%,16,2%,46,20%,28,11%,1,5%,3,16%
Garrett Temple,35.5,NOP,Wing,1072,13,46.7%,42,23%,28,11%,48,7%,34,18%,90,29%,45,30%,69,60%
Daniel Theis,29.6,BOS,Big,375,86,64.2%,50,50%,51,20%,72,7%,55,27%,71,9%,52,14%,52,23%
Daniel Theis,29.6,HOU,Big,576,29,53.4%,25,40%,12,11%,76,8%,27,19%,72,10%,89,32%,85,41%
Cameron Thomas,20.1,BKN,Wing,1069,30,50.2%,27,16%,90,26%,99,25%,99,51%,14,7%,33,26%,21,33%
Isaiah Thomas,32.7,CHA,Combo,189,85,56.3%,30,18%,73,26%,37,8%,61,34%,79,14%,55,34%,65,48%
Matt Thomas,27.2,CHI,Wing,383,79,56.1%,0,1%,6,4%,98,24%,61,27%,63,21%,91,51%,87,72%
Klay Thompson,31.7,GSW,Wing,934,50,53.0%,8,10%,70,19%,94,20%,91,40%,24,9%,73,41%,54,50%
Tristan Thompson,30.6,CHI,Big,371,55,57.3%,75,67%,85,31%,31,2%,74,33%,0,0%,0,0%,0,0%
Tristan Thompson,30.6,SAC,Big,452,14,51.0%,70,62%,96,37%,13,1%,84,38%,0,0%,20,1%,17,1%
JT Thor,19.2,CHA,Forward,190,30,50.0%,80,41%,10,8%,49,5%,16,13%,15,8%,78,38%,56,46%
Matisse Thybulle,24.7,PHI,Wing,1669,83,57.5%,90,46%,19,8%,4,0%,9,9%,78,24%,17,21%,41,45%
Killian Tillie,23.7,MEM,Forward,355,51,52.7%,15,17%,41,14%,0,0%,20,14%,84,24%,88,45%,91,68%
Xavier Tillman,22.8,MEM,Big,564,5,47.6%,57,52%,81,30%,19,1%,65,31%,51,4%,49,13%,46,17%
Obi Toppin,23.7,NYK,Big,1190,64,58.5%,64,58%,3,7%,34,2%,6,10%,93,17%,55,16%,73,33%
Juan Toscano-Anderson,28.6,GSW,Forward,866,59,53.4%,93,51%,72,18%,14,1%,41,20%,15,8%,32,22%,22,29%
Karl-Anthony Towns,26.0,MIN,Big,2482,69,59.0%,35,44%,62,22%,75,7%,59,29%,44,3%,71,25%,61,27%
Gary Trent Jr.,22.8,TOR,Combo,2441,57,51.2%,15,13%,44,17%,92,21%,76,39%,54,10%,67,38%,66,48%
PJ Tucker,36.5,MIA,Big,1978,59,57.7%,9,26%,74,27%,41,3%,60,30%,99,39%,32,5%,90,44%
Myles Turner,25.6,IND,Big,1232,65,58.5%,17,33%,55,21%,46,3%,45,24%,66,8%,93,35%,89,43%
Jonas Valanciunas,29.5,NOP,Big,2236,58,57.6%,34,43%,92,35%,72,7%,90,42%,22,0%,54,15%,44,15%
Denzel Valentine,28.0,CLE,Wing,164,50,53.0%,6,8%,38,12%,39,6%,36,18%,94,32%,76,42%,92,74%
Fred VanVleet,27.7,TOR,Point,2457,70,51.7%,14,14%,28,15%,78,16%,38,30%,72,9%,82,47%,82,56%
Jarred Vanderbilt,22.6,MIN,Big,1869,69,58.9%,89,81%,32,16%,8,0%,19,16%,44,3%,21,1%,25,4%
Devin Vassell,21.2,SAS,Wing,1896,42,52.2%,31,17%,74,21%,85,14%,83,36%,50,16%,48,31%,48,47%
Gabe Vincent,25.4,MIA,Combo,1499,71,53.4%,31,18%,11,10%,64,11%,19,21%,83,17%,80,44%,86,61%
Nikola Vucevic,31.0,CHI,Big,2415,21,52.0%,13,28%,81,29%,92,15%,92,44%,38,2%,76,26%,63,28%
Dean Wade,24.9,CLE,Forward,950,76,55.2%,27,24%,13,9%,35,3%,11,12%,64,18%,90,46%,85,64%
Franz Wagner,20.2,ORL,Forward,2416,40,51.8%,82,43%,90,29%,31,3%,80,31%,13,6%,24,20%,15,26%
Moritz Wagner,24.5,ORL,Big,874,62,58.1%,37,44%,6,9%,14,1%,5,9%,59,6%,96,41%,91,47%
Ishmail Wainright,27.1,PHX,Big,245,8,48.7%,15,30%,22,13%,0,0%,12,13%,98,30%,79,26%,95,57%
Kemba Walker,31.5,NYK,Point,947,54,50.3%,30,20%,26,15%,66,14%,32,29%,14,2%,88,49%,80,51%
Lonnie Walker,22.9,SAS,Wing,1596,24,48.5%,51,26%,39,12%,93,19%,72,32%,26,9%,52,33%,37,42%
Derrick Walton Jr.,26.6,DET,Point,108,0,28.8%,38,21%,22,14%,84,18%,42,32%,30,4%,72,43%,70,46%
Brad Wanamaker,32.3,IND,Combo,249,12,42.9%,91,40%,46,18%,90,21%,77,39%,11,4%,12,16%,6,21%
Duane Washington,21.6,IND,Combo,920,43,49.6%,59,27%,43,17%,38,8%,33,25%,84,17%,41,30%,63,48%
PJ Washington,23.2,CHA,Big,1716,58,57.7%,21,36%,12,11%,12,1%,8,11%,87,14%,95,38%,94,52%
Yuta Watanabe,27.1,TOR,Wing,390,17,47.3%,57,28%,41,12%,38,6%,37,18%,85,27%,37,27%,61,54%
Lindy Waters,24.3,OKC,Wing,454,79,56.1%,5,8%,16,7%,9,1%,8,8%,76,23%,97,60%,97,84%
Trendon Watford,21.0,POR,Big,780,42,55.2%,59,53%,87,32%,49,3%,77,36%,51,4%,42,8%,41,12%
Paul Watson,26.8,OKC,Forward,140,2,37.5%,7,13%,50,16%,0,0%,24,16%,99,41%,60,31%,95,72%
Russell Westbrook,33.0,LAL,Point,2667,32,47.8%,96,48%,36,18%,76,15%,44,33%,32,4%,6,16%,8,19%
Coby White,21.7,CHI,Combo,1636,76,54.4%,51,24%,27,15%,47,9%,25,23%,68,12%,71,41%,75,52%
Derrick White,27.3,BOS,Combo,709,35,48.5%,45,23%,84,29%,25,6%,62,34%,61,11%,49,32%,50,43%
Derrick White,27.3,SAS,Combo,1485,47,49.9%,58,26%,69,25%,33,7%,55,32%,42,8%,51,33%,48,41%
Hassan Whiteside,32.4,UTA,Big,1125,90,65.4%,79,70%,77,28%,26,2%,60,30%,0,0%,0,0%,0,0%
Joe Wieskamp,22.2,SAS,Wing,141,2,35.5%,17,14%,2,3%,70,11%,21,14%,81,25%,84,47%,89,72%
Aaron Wiggins,22.8,OKC,Wing,1193,46,52.7%,79,38%,84,24%,6,1%,54,25%,45,15%,24,23%,30,38%
Andrew Wiggins,26.7,GSW,Forward,2318,65,54.3%,36,26%,85,24%,84,14%,85,38%,24,10%,45,25%,32,36%
Lindell Wigginton,23.6,MIL,Combo,156,20,44.8%,83,36%,56,21%,10,3%,30,24%,59,10%,38,29%,42,40%
Brandon Williams,21.9,POR,Point,603,12,42.8%,88,36%,40,19%,52,12%,40,31%,66,8%,28,25%,34,33%
Grant Williams,22.9,BOS,Forward,1842,95,59.8%,38,27%,44,15%,20,2%,30,17%,94,29%,47,27%,72,56%
Kenrich Williams,26.9,OKC,Forward,1069,54,53.2%,69,36%,73,18%,71,11%,76,29%,46,13%,33,22%,31,35%
Lou Williams,35.0,ATL,Combo,790,22,45.0%,18,14%,92,33%,95,23%,99,56%,73,12%,14,18%,17,30%
Patrick Williams,20.2,CHI,Big,408,77,61.6%,21,36%,38,17%,97,20%,80,37%,80,11%,57,16%,61,27%
Robert Williams,24.0,BOS,Big,1803,99,73.7%,95,86%,20,12%,28,2%,15,14%,0,0%,18,0%,15,0%
Ziaire Williams,20.1,MEM,Wing,1299,64,54.6%,40,22%,52,14%,58,8%,46,23%,88,29%,35,27%,65,56%
Dylan Windler,25.1,CLE,Wing,395,31,50.6%,59,28%,15,7%,0,0%,5,7%,94,33%,51,32%,76,65%
Justise Winslow,25.6,POR,Forward,293,12,44.7%,79,40%,64,17%,77,11%,74,29%,26,11%,28,20%,26,31%
Justise Winslow,25.6,LAC,Big,425,14,50.8%,46,48%,79,28%,71,7%,75,35%,72,9%,39,7%,47,17%
Christian Wood,26.1,HOU,Big,2092,56,57.4%,26,41%,47,20%,62,5%,48,25%,55,4%,85,30%,75,34%
Delon Wright,29.5,ATL,Combo,1393,78,54.9%,81,36%,54,20%,20,5%,34,25%,53,10%,37,29%,39,39%
Thaddeus Young,33.4,SAS,Big,355,51,56.6%,65,58%,94,36%,46,3%,86,39%,28,1%,25,2%,22,2%
Thaddeus Young,33.4,TOR,Forward,466,43,51.8%,87,48%,82,22%,30,3%,61,25%,71,19%,5,8%,19,27%
Trae Young,23.1,ATL,Point,2647,84,54.2%,40,22%,66,26%,80,16%,78,42%,2,2%,58,34%,48,36%
Omer Yurtseven,23.4,MIA,Big,624,27,53.3%,61,56%,93,36%,56,5%,89,40%,30,1%,30,3%,26,4%
Cody Zeller,29.1,POR,Big,335,53,57.0%,86,78%,43,18%,17,1%,30,19%,32,1%,26,2%,24,3%
Ivica Zubac,24.6,LAC,Big,1843,79,62.5%,77,68%,82,30%,22,1%,68,32%,0,0%,0,0%,0,0%